<rpc xmlns="urn:ietf:params:xml:ns:netconf:base:1.0" message-id="1">
  <get-config>
    <source>
      <running/>
    </source>
    <filter type="subtree">
      <hardware xmlns="urn:ietf:params:xml:ns:yang:ietf-hardware">
        <component>
          <class xmlns:ianahw="urn:ietf:params:xml:ns:yang:iana-hardware" xmlns:nokia-hwi="http://www.nokia.com/Fixed-Networks/BBA/yang/nokia-hardware-identities">nokia-hwi:nt</class>
        </component>
      </hardware>
    </filter>
  </get-config>
</rpc>
