<?xml version="1.0" encoding="UTF-8"?>
<rpc xmlns="urn:ietf:params:xml:ns:netconf:base:1.0" message-id="1527307907657">
  <edit-config>
    <target>
      <running/>
    </target>
    <config>

      <!-- olt-side traffic-descriptor-profile -->
      <traffic-descriptor-profiles xmlns="urn:bbf:yang:bbf-xpongemtcont">
        <traffic-descriptor-profile>
          <name>TDP0</name>
          <fixed-bandwidth>10000000</fixed-bandwidth>
          <assured-bandwidth>10000000</assured-bandwidth>
          <maximum-bandwidth>30000000</maximum-bandwidth>
        </traffic-descriptor-profile>
      </traffic-descriptor-profiles>


      <!-- olt-side tcont -->
      <tconts-config xmlns="urn:bbf:yang:bbf-xpongemtcont">
        <tcont>
          <name>tcont1_ont1</name>
          <alloc-id>256</alloc-id>
          <interface-reference>vani1</interface-reference>
          <traffic-descriptor-profile-ref>TDP0</traffic-descriptor-profile-ref>
        </tcont>
      </tconts-config>



  <!-- olt-side gemport -->
      <gemports-config xmlns="urn:bbf:yang:bbf-xpongemtcont">
        <gemport>
          <name>gemport1_ont1</name>
          <itf-ref>ont1_venet1</itf-ref>
          <tcont-ref>tcont1_ont1</tcont-ref>
          <traffic-class>0</traffic-class>
          <gemport-id>256</gemport-id>
        </gemport>
      </gemports-config>


	<!-- onu-side chassis -->
      <onus xmlns="urn:bbf:params:xml:ns:yang:bbf-fiber-onu-emulated-mount">
        <onu>
          <name>ont1</name>
          <root>
            <hardware>
              <component>
                <name>ont1</name>
                <class xmlns:ianahw="urn:ietf:params:xml:ns:yang:iana-hardware">ianahw:chassis</class>
                <parent-rel-pos>1</parent-rel-pos>
                <mfg-name>ALCL</mfg-name>
                <model-name>__________G-010G-Q__</model-name>
              </component>
            </hardware>
          </root>
        </onu>
      </onus>

      <!-- onu-side board -->
      <onus xmlns="urn:bbf:params:xml:ns:yang:bbf-fiber-onu-emulated-mount">
        <onu>
          <name>ont1</name>
          <root>
            <hardware>
              <component>
                <name>board_ont1</name>
                <class xmlns:bbf-hwt="urn:bbf:yang:bbf-hardware-types">bbf-hwt:board</class>
                <parent>ont1</parent>
                <parent-rel-pos>1</parent-rel-pos>
                <mfg-name>ALCL</mfg-name>
                <model-name>__________G-010G-Q__</model-name>
              </component>
            </hardware>
          </root>
        </onu>
      </onus>

      <!-- onu-side cage -->
      <onus xmlns="urn:bbf:params:xml:ns:yang:bbf-fiber-onu-emulated-mount">
        <onu>
          <name>ont1</name>
          <root>
            <hardware>
              <component>
                <name>ontcage_ont1</name>
                <class xmlns:bbf-hwt="urn:bbf:yang:bbf-hardware-types">bbf-hwt:cage</class>
                <parent>board_ont1</parent>
                <parent-rel-pos>1</parent-rel-pos>
                <model-name>__________G-010G-Q__</model-name>
              </component>
            </hardware>
          </root>
        </onu>
      </onus>

      <!-- onu-side sfp -->
      <onus xmlns="urn:bbf:params:xml:ns:yang:bbf-fiber-onu-emulated-mount">
        <onu>
          <name>ont1</name>
          <root>
            <hardware>
              <component>
                <name>ontsfp_ont1</name>
                <class xmlns:bbf-hwt="urn:bbf:yang:bbf-hardware-types">bbf-hwt:transceiver</class>
                <parent>ontcage_ont1</parent>
                <parent-rel-pos>1</parent-rel-pos>
                <model-name>__________G-010G-Q__</model-name>
              </component>
            </hardware>
          </root>
        </onu>
      </onus>

      <!-- onu-side aniport -->
      <onus xmlns="urn:bbf:params:xml:ns:yang:bbf-fiber-onu-emulated-mount">
        <onu>
          <name>ont1</name>
          <root>
            <hardware>
              <component>
                <name>ontaniport_ont1</name>
                <class xmlns:bbf-hwt="urn:bbf:yang:bbf-hardware-types">bbf-hwt:transceiver-link</class>
                <parent>ontsfp_ont1</parent>
                <parent-rel-pos>1</parent-rel-pos>
              </component>
            </hardware>
          </root>
        </onu>
      </onus>

      <!-- onu-side ani -->
      <onus xmlns="urn:bbf:params:xml:ns:yang:bbf-fiber-onu-emulated-mount">
        <onu>
          <name>ont1</name>
          <root>
            <interfaces>
              <interface>
                <name>ani1</name>
                <type>ani</type>
                <port-layer-if>ontaniport_ont1</port-layer-if>
                <ani>
                  <mgnt-gemport-aes-indicator>false</mgnt-gemport-aes-indicator>
                  <upstream-fec-indicator>true</upstream-fec-indicator>
                  <onu-id>1</onu-id>
                </ani>
              </interface>
            </interfaces>
          </root>
        </onu>
      </onus>


 <!-- onu-side tcont  -->
  <onus xmlns="urn:bbf:params:xml:ns:yang:bbf-fiber-onu-emulated-mount">
	<onu>
		<name>ont1</name>
		<root>
			<tconts-config>
				<tcont>
					<name>tcont1_ont1</name>
					<alloc-id>256</alloc-id>
					<interface-reference>ani1</interface-reference>
					<traffic-descriptor-profile-ref>TDP0</traffic-descriptor-profile-ref>
					<tm-root>
						<tc-id-2-queue-id-mapping-profile-name>tc2queue1_ont1</tc-id-2-queue-id-mapping-profile-name>
						<queue>
							<local-queue-id>7</local-queue-id>
							<priority>7</priority>
							<weight>1</weight>
						</queue>
						<queue>
							<local-queue-id>6</local-queue-id>
							<priority>6</priority>
							<weight>1</weight>
						</queue>
						<queue>
							<local-queue-id>5</local-queue-id>
							<priority>5</priority>
							<weight>1</weight>
						</queue>
						<queue>
							<local-queue-id>4</local-queue-id>
							<priority>4</priority>
							<weight>1</weight>
						</queue>
						<queue>
							<local-queue-id>3</local-queue-id>
							<priority>3</priority>
							<weight>1</weight>
						</queue>
						<queue>
							<local-queue-id>2</local-queue-id>
							<priority>2</priority>
							<weight>1</weight>
						</queue>
						<queue>
							<local-queue-id>0</local-queue-id>
							<priority>0</priority>
							<weight>1</weight>
						</queue>
						<queue>
							<local-queue-id>1</local-queue-id>
							<priority>1</priority>
							<weight>1</weight>
						</queue>
					</tm-root>
				</tcont>
			</tconts-config>
		</root>
	</onu>
</onus>


      <!-- onu-side uni hardware -->
      <onus xmlns="urn:bbf:params:xml:ns:yang:bbf-fiber-onu-emulated-mount">
        <onu>
          <name>ont1</name>
          <root>
            <hardware>
              <component>
                <name>ont1_uni1</name>
                <class xmlns:bbf-hwt="urn:bbf:yang:bbf-hardware-types">bbf-hwt:transceiver-link</class>
                <parent>board_ont1</parent>
                <parent-rel-pos>1</parent-rel-pos>
              </component>
            </hardware>
          </root>
        </onu>
      </onus>

      <!-- onu-side uni interface  -->
      <onus xmlns="urn:bbf:params:xml:ns:yang:bbf-fiber-onu-emulated-mount">
        <onu>
          <name>ont1</name>
          <root>
			      <interfaces>
			        <interface>
	                <name>ont1_uni1_intf</name>
		              <type xmlns:ianaift="urn:ietf:params:xml:ns:yang:iana-if-type">ethernetCsmacd</type>
		              <port-layer-if>ont1_uni1</port-layer-if>
				        </interface>
				      </interfaces>
          </root>
        </onu>
      </onus>


      <!-- onu-side sub-interface  -->
      <onus xmlns="urn:bbf:params:xml:ns:yang:bbf-fiber-onu-emulated-mount">
        <onu>
          <name>ont1</name>
          <root>
            <interfaces>
              <interface>
                <name>ont1_uni1_vsi1</name>
                <type>vlan-sub-interface</type>
                <subif-lower-layer>
                  <interface>ont1_uni1_intf</interface>
                </subif-lower-layer>
                <inline-frame-processing>
                  <ingress-rule>
                    <rule>
                      <name>rule_1</name>
                      <priority>100</priority>
                      <flexible-match>
                        <match-criteria>
                          <tag>
                            <index>0</index>
                            <dot1q-tag>
                              <tag-type>c-vlan</tag-type>
                              <vlan-id>10</vlan-id>
                              <pbit>any</pbit>
                              <dei>any</dei>
                            </dot1q-tag>
                          </tag>
                        </match-criteria>
                      </flexible-match>
                      <ingress-rewrite>
                        <pop-tags>1</pop-tags>
                        <push-tag>
                          <index>0</index>
                          <dot1q-tag>
                            <tag-type>c-vlan</tag-type>
                            <vlan-id>100</vlan-id>
                            <pbit-from-tag-index>0</pbit-from-tag-index>
                            <dei-from-tag-index>0</dei-from-tag-index>
                          </dot1q-tag>
                        </push-tag>
                      </ingress-rewrite>
                    </rule>
                  </ingress-rule>
                  <egress-rewrite>
                    <pop-tags>1</pop-tags>
                    <push-tag>
                      <index>0</index>
                      <dot1q-tag>
                        <tag-type>c-vlan</tag-type>
                        <vlan-id>10</vlan-id>
                        <pbit-from-tag-index>0</pbit-from-tag-index>
                        <dei-from-tag-index>0</dei-from-tag-index>
                      </dot1q-tag>
                    </push-tag>
                  </egress-rewrite>
                </inline-frame-processing>
              </interface>
            </interfaces>
          </root>
        </onu>
      </onus>


      <!-- onu-side  sub-interface Qos -->
      <onus xmlns="urn:bbf:params:xml:ns:yang:bbf-fiber-onu-emulated-mount">
        <onu>
          <name>ont1</name>
          <root>
            <interfaces>
              <interface>
                <name>ont1_uni1_vsi1</name>
                <ingress-qos-policy-profile>IPP0</ingress-qos-policy-profile>
              </interface>
            </interfaces>
          </root>
        </onu>
      </onus>


  <!-- onu-side  gemport -->
      <onus xmlns="urn:bbf:params:xml:ns:yang:bbf-fiber-onu-emulated-mount">
        <onu>
          <name>ont1</name>
          <root>
            <gemports-config>
              <gemport>
                <name>gemport1_ont1</name>
                <itf-ref>ont1_uni1_intf</itf-ref>
                <tcont-ref>tcont1_ont1</tcont-ref>
                <traffic-class>0</traffic-class>
                <gemport-id>256</gemport-id>
              </gemport>
            </gemports-config>
          </root>
        </onu>
      </onus>


  <!-- ONU-side QOS -->
      <onus xmlns="urn:bbf:params:xml:ns:yang:bbf-fiber-onu-emulated-mount">
        <onu>
          <name>ont1</name>
          <root>
            <traffic-descriptor-profiles>
              <traffic-descriptor-profile>
                <name>TDP0</name>
                <fixed-bandwidth>10000000</fixed-bandwidth>
                <assured-bandwidth>10000000</assured-bandwidth>
                <maximum-bandwidth>30000000</maximum-bandwidth>
              </traffic-descriptor-profile>
            </traffic-descriptor-profiles>
          </root>
        </onu>
      </onus>

      <onus xmlns="urn:bbf:params:xml:ns:yang:bbf-fiber-onu-emulated-mount">
        <onu>
          <name>ont1</name>
          <root>
            <classifiers>
			       <classifier-entry>
			          <name>classifier_ing0</name>
			          <filter-operation>match-all-filter</filter-operation>
			          <match-criteria>
			            <tag>
			              <index>0</index>
			              <in-pbit-list>0</in-pbit-list>
			            </tag>
			          </match-criteria>
			          <classifier-action-entry-cfg>
			            <action-type>scheduling-traffic-class</action-type>
			            <scheduling-traffic-class>0</scheduling-traffic-class>
			          </classifier-action-entry-cfg>
			        </classifier-entry>
			        <classifier-entry>
			          <name>classifier_ing1</name>
			          <filter-operation>match-all-filter</filter-operation>
			          <match-criteria>
			            <tag>
			              <index>0</index>
			              <in-pbit-list>1</in-pbit-list>
			            </tag>
			          </match-criteria>
			          <classifier-action-entry-cfg>
			            <action-type>scheduling-traffic-class</action-type>
			            <scheduling-traffic-class>1</scheduling-traffic-class>
			          </classifier-action-entry-cfg>
			        </classifier-entry>
			        <classifier-entry>
			          <name>classifier_ing2</name>
			          <filter-operation>match-all-filter</filter-operation>
			          <match-criteria>
			            <tag>
			              <index>0</index>
			              <in-pbit-list>2</in-pbit-list>
			            </tag>
			          </match-criteria>
			          <classifier-action-entry-cfg>
			            <action-type>scheduling-traffic-class</action-type>
			            <scheduling-traffic-class>2</scheduling-traffic-class>
			          </classifier-action-entry-cfg>
			        </classifier-entry>
			        <classifier-entry>
			          <name>classifier_ing3</name>
			          <filter-operation>match-all-filter</filter-operation>
			          <match-criteria>
			            <tag>
			              <index>0</index>
			              <in-pbit-list>3</in-pbit-list>
			            </tag>
			          </match-criteria>
			          <classifier-action-entry-cfg>
			            <action-type>scheduling-traffic-class</action-type>
			            <scheduling-traffic-class>3</scheduling-traffic-class>
			          </classifier-action-entry-cfg>
			        </classifier-entry>
			        <classifier-entry>
			          <name>classifier_ing4</name>
			          <filter-operation>match-all-filter</filter-operation>
			          <match-criteria>
			            <tag>
			              <index>0</index>
			              <in-pbit-list>4</in-pbit-list>
			            </tag>
			          </match-criteria>
			          <classifier-action-entry-cfg>
			            <action-type>scheduling-traffic-class</action-type>
			            <scheduling-traffic-class>4</scheduling-traffic-class>
			          </classifier-action-entry-cfg>
			        </classifier-entry>
			        <classifier-entry>
			          <name>classifier_ing5</name>
			          <filter-operation>match-all-filter</filter-operation>
			          <match-criteria>
			            <tag>
			              <index>0</index>
			              <in-pbit-list>5</in-pbit-list>
			            </tag>
			          </match-criteria>
			          <classifier-action-entry-cfg>
			            <action-type>scheduling-traffic-class</action-type>
			            <scheduling-traffic-class>5</scheduling-traffic-class>
			          </classifier-action-entry-cfg>
			        </classifier-entry>
			        <classifier-entry>
			          <name>classifier_ing6</name>
			          <filter-operation>match-all-filter</filter-operation>
			          <match-criteria>
			            <tag>
			              <index>0</index>
			              <in-pbit-list>6</in-pbit-list>
			            </tag>
			          </match-criteria>
			          <classifier-action-entry-cfg>
			            <action-type>scheduling-traffic-class</action-type>
			            <scheduling-traffic-class>6</scheduling-traffic-class>
			          </classifier-action-entry-cfg>
			        </classifier-entry>
			        <classifier-entry>
			          <name>classifier_ing7</name>
			          <filter-operation>match-all-filter</filter-operation>
			          <match-criteria>
			            <tag>
			              <index>0</index>
			              <in-pbit-list>7</in-pbit-list>
			            </tag>
			          </match-criteria>
			          <classifier-action-entry-cfg>
			            <action-type>scheduling-traffic-class</action-type>
			            <scheduling-traffic-class>7</scheduling-traffic-class>
			          </classifier-action-entry-cfg>
			        </classifier-entry>
            </classifiers>
          </root>
        </onu>
      </onus>

      <onus xmlns="urn:bbf:params:xml:ns:yang:bbf-fiber-onu-emulated-mount">
        <onu>
          <name>ont1</name>
          <root>
            <policies>
			        <policy>
			          <name>POLICY_ING</name>
			          <classifiers>
			            <name>classifier_ing0</name>
			          </classifiers>
			          <classifiers>
			            <name>classifier_ing1</name>
			          </classifiers>
			          <classifiers>
			            <name>classifier_ing2</name>
			          </classifiers>
			          <classifiers>
			            <name>classifier_ing3</name>
			          </classifiers>
			          <classifiers>
			            <name>classifier_ing4</name>
			          </classifiers>
			          <classifiers>
			            <name>classifier_ing5</name>
			          </classifiers>
			          <classifiers>
			            <name>classifier_ing6</name>
			          </classifiers>
			          <classifiers>
			            <name>classifier_ing7</name>
			          </classifiers>
			        </policy>
            </policies>
          </root>
        </onu>
      </onus>

      <onus xmlns="urn:bbf:params:xml:ns:yang:bbf-fiber-onu-emulated-mount">
        <onu>
          <name>ont1</name>
          <root>
            <tm-profiles>
              <tc-id-2-queue-id-mapping-profile>
                <name>tc2queue1_ont1</name>
                <mapping-entry>
                  <traffic-class-id>0</traffic-class-id>
                  <local-queue-id>0</local-queue-id>
                </mapping-entry>
                <mapping-entry>
                  <traffic-class-id>1</traffic-class-id>
                  <local-queue-id>1</local-queue-id>
                </mapping-entry>
                <mapping-entry>
                  <traffic-class-id>2</traffic-class-id>
                  <local-queue-id>2</local-queue-id>
                </mapping-entry>
                <mapping-entry>
                  <traffic-class-id>3</traffic-class-id>
                  <local-queue-id>3</local-queue-id>
                </mapping-entry>
                <mapping-entry>
                  <traffic-class-id>4</traffic-class-id>
                  <local-queue-id>4</local-queue-id>
                </mapping-entry>
                <mapping-entry>
                  <traffic-class-id>5</traffic-class-id>
                  <local-queue-id>5</local-queue-id>
                </mapping-entry>
                <mapping-entry>
                  <traffic-class-id>6</traffic-class-id>
                  <local-queue-id>6</local-queue-id>
                </mapping-entry>
                <mapping-entry>
                  <traffic-class-id>7</traffic-class-id>
                  <local-queue-id>7</local-queue-id>
                </mapping-entry>
              </tc-id-2-queue-id-mapping-profile>
            </tm-profiles>
          </root>
        </onu>
      </onus>

      <onus xmlns="urn:bbf:params:xml:ns:yang:bbf-fiber-onu-emulated-mount">
        <onu>
          <name>ont1</name>
          <root>
            <qos-policy-profiles>
              <policy-profile>
                <name>IPP0</name>
                <policy-list>
                  <name>POLICY_ING</name>
                </policy-list>
              </policy-profile>
            </qos-policy-profiles>
          </root>
        </onu>
      </onus>

      <!-- olt-side vani reference to onu-side ani-->
      <interfaces xmlns="urn:ietf:params:xml:ns:yang:ietf-interfaces">
        <interface>
          <name>vani1</name>
          <v-ani xmlns="urn:bbf:yang:bbf-xponvani">
              <onu-name xmlns="urn:broadband-forum-org:yang:bbf-xponinfra-augment-nodes">ont1</onu-name>
          </v-ani>
        </interface>
      </interfaces>

</config>
</edit-config>
</rpc>
