<rpc xmlns="urn:ietf:params:xml:ns:netconf:base:1.0" message-id="34566753">
  <edit-config xmlns="urn:ietf:params:xml:ns:netconf:base:1.0">
    <target>
      <running/>
    </target>
    <config>
      <network-manager xmlns="urn:bbf:yang:obbaa:network-manager">
        <managed-devices>
          <device>
            <name>deviceA</name>
            <root>
              <hardware xmlns="urn:ietf:params:xml:ns:yang:ietf-hardware" xmlns:xc="urn:ietf:params:xml:ns:netconf:base:1.0" xc:operation="merge">
                <component>
                  <name>uplink_port</name>
                  <class xmlns:bbf-hwt="urn:bbf:yang:bbf-hardware-types">bbf-hwt:transceiver-link</class>
                </component>
              </hardware>
            </root>
          </device>
        </managed-devices>
      </network-manager>
    </config>
  </edit-config>
</rpc>
