<?xml version="1.0" encoding="UTF-8"?>
<rpc xmlns="urn:ietf:params:xml:ns:netconf:base:1.0" message-id="1527307907656">
    <get xmlns="urn:ietf:params:xml:ns:netconf:base:1.0">
        <source>
            <running/>
        </source>
        <filter type="subtree">
            <network-manager xmlns="urn:bbf:yang:obbaa:network-manager">
                <managed-devices>
                    <device>
                        <name>deviceA</name>
                        <root>
                            <if:interfaces xmlns:if="urn:ietf:params:xml:ns:yang:ietf-interfaces"/>
                        </root>
                    </device>
                </managed-devices>
            </network-manager>
        </filter>
    </get>
</rpc>
