<rpc xmlns="urn:ietf:params:xml:ns:netconf:base:1.0" message-id="1">
<edit-config>
<target>
<running/>
</target>
<config>

  <device-manager xmlns="http://www.nokia.com/management-solutions/anv">
    <device xmlns="http://www.nokia.com/management-solutions/anv-device-holders">
      <device-id>DF16_HAOJUN</device-id>
       <device-specific-data>

<classifiers xmlns="urn:bbf:yang:bbf-qos-classifiers">
      <classifier-entry>
        <name>cls_p0</name>
        <filter-operation>match-all-filter</filter-operation>
        <match-criteria>
          <pbit-marking-list xmlns="urn:bbf:yang:bbf-qos-policing">
            <index>0</index>
            <pbit-value>0</pbit-value>
          </pbit-marking-list>
        </match-criteria>
        <classifier-action-entry-cfg>
          <action-type xmlns:bbf-qos-plc="urn:bbf:yang:bbf-qos-policing">bbf-qos-plc:flow-color</action-type>
          <flow-color xmlns="urn:bbf:yang:bbf-qos-policing">red</flow-color>
        </classifier-action-entry-cfg>
       </classifier-entry>

        <classifier-entry>
          <name>cls_p1</name>
          <filter-operation>match-all-filter</filter-operation>
          <match-criteria>
            <pbit-marking-list xmlns="urn:bbf:yang:bbf-qos-policing">
              <index>0</index>
              <pbit-value>1</pbit-value>
            </pbit-marking-list>
          </match-criteria>
          <classifier-action-entry-cfg>
            <action-type xmlns:bbf-qos-plc="urn:bbf:yang:bbf-qos-policing">bbf-qos-plc:flow-color</action-type>
            <flow-color xmlns="urn:bbf:yang:bbf-qos-policing">red</flow-color>
          </classifier-action-entry-cfg>
        </classifier-entry>

        <classifier-entry>
          <name>cls_p2</name>
          <filter-operation>match-all-filter</filter-operation>
          <match-criteria>
            <pbit-marking-list xmlns="urn:bbf:yang:bbf-qos-policing">
              <index>0</index>
              <pbit-value>2</pbit-value>
            </pbit-marking-list>
          </match-criteria>
          <classifier-action-entry-cfg>
            <action-type xmlns:bbf-qos-plc="urn:bbf:yang:bbf-qos-policing">bbf-qos-plc:flow-color</action-type>
            <flow-color xmlns="urn:bbf:yang:bbf-qos-policing">yellow</flow-color>
          </classifier-action-entry-cfg>
        </classifier-entry>

        <classifier-entry>
          <name>cls_p3</name>
          <filter-operation>match-all-filter</filter-operation>
          <match-criteria>
            <pbit-marking-list xmlns="urn:bbf:yang:bbf-qos-policing">
              <index>0</index>
              <pbit-value>3</pbit-value>
            </pbit-marking-list>
          </match-criteria>
          <classifier-action-entry-cfg>
            <action-type xmlns:bbf-qos-plc="urn:bbf:yang:bbf-qos-policing">bbf-qos-plc:flow-color</action-type>
            <flow-color xmlns="urn:bbf:yang:bbf-qos-policing">yellow</flow-color>
          </classifier-action-entry-cfg>
        </classifier-entry>

        <classifier-entry>
          <name>cls_p4</name>
          <filter-operation>match-all-filter</filter-operation>
          <match-criteria>
            <pbit-marking-list xmlns="urn:bbf:yang:bbf-qos-policing">
              <index>0</index>
              <pbit-value>4</pbit-value>
            </pbit-marking-list>
          </match-criteria>
          <classifier-action-entry-cfg>
            <action-type xmlns:bbf-qos-plc="urn:bbf:yang:bbf-qos-policing">bbf-qos-plc:flow-color</action-type>
            <flow-color xmlns="urn:bbf:yang:bbf-qos-policing">yellow</flow-color>
          </classifier-action-entry-cfg>
        </classifier-entry>

        <classifier-entry>
          <name>cls_p5</name>
          <filter-operation>match-all-filter</filter-operation>
          <match-criteria>
            <pbit-marking-list xmlns="urn:bbf:yang:bbf-qos-policing">
              <index>0</index>
              <pbit-value>5</pbit-value>
            </pbit-marking-list>
          </match-criteria>
          <classifier-action-entry-cfg>
            <action-type xmlns:bbf-qos-plc="urn:bbf:yang:bbf-qos-policing">bbf-qos-plc:flow-color</action-type>
            <flow-color xmlns="urn:bbf:yang:bbf-qos-policing">green</flow-color>
          </classifier-action-entry-cfg>
        </classifier-entry>

        <classifier-entry>
          <name>cls_p6</name>
          <filter-operation>match-all-filter</filter-operation>
          <match-criteria>
            <pbit-marking-list xmlns="urn:bbf:yang:bbf-qos-policing">
              <index>0</index>
              <pbit-value>6</pbit-value>
            </pbit-marking-list>
          </match-criteria>
          <classifier-action-entry-cfg>
            <action-type xmlns:bbf-qos-plc="urn:bbf:yang:bbf-qos-policing">bbf-qos-plc:flow-color</action-type>
            <flow-color xmlns="urn:bbf:yang:bbf-qos-policing">green</flow-color>
          </classifier-action-entry-cfg>
        </classifier-entry>

        <classifier-entry>
          <name>cls_p7</name>
          <filter-operation>match-all-filter</filter-operation>
          <match-criteria>
            <pbit-marking-list xmlns="urn:bbf:yang:bbf-qos-policing">
              <index>0</index>
              <pbit-value>7</pbit-value>
            </pbit-marking-list>
          </match-criteria>
          <classifier-action-entry-cfg>
            <action-type xmlns:bbf-qos-plc="urn:bbf:yang:bbf-qos-policing">bbf-qos-plc:flow-color</action-type>
            <flow-color xmlns="urn:bbf:yang:bbf-qos-policing">green</flow-color>
          </classifier-action-entry-cfg>
        </classifier-entry>
</classifiers>

<policies xmlns="urn:bbf:yang:bbf-qos-policies">
        <policy>
          <name>policies1</name>
          <classifiers>
            <name>cls_p0</name>
          </classifiers>
          <classifiers>
            <name>cls_p1</name>
          </classifiers>
          <classifiers>
            <name>cls_p2</name>
          </classifiers>
          <classifiers>
            <name>cls_p3</name>
          </classifiers>
          <classifiers>
            <name>cls_p4</name>
          </classifiers>
          <classifiers>
            <name>cls_p5</name>
          </classifiers>
          <classifiers>
            <name>cls_p6</name>
          </classifiers>
          <classifiers>
            <name>cls_p7</name>
          </classifiers>
          </policy>
</policies>

</device-specific-data>
</device>
</device-manager>

</config>
</edit-config>
</rpc>
