<rpc xmlns="urn:ietf:params:xml:ns:netconf:base:1.0" message-id="1">
<edit-config>
<target>
<running/>
</target>
<config>

  <device-manager xmlns="http://www.nokia.com/management-solutions/anv">
    <device xmlns="http://www.nokia.com/management-solutions/anv-device-holders">
      <device-id>DF16_HAOJUN</device-id>
       <device-specific-data>

         <qos-policy-profiles xmlns="urn:bbf:yang:bbf-qos-policies">
                <policy-profile>
                  <name>policyprof1</name>
                  <policy-list>
                    <name>policies1</name>
                  </policy-list>
                  <policy-list>
                    <name>policies2</name>
                  </policy-list>
                  <policy-list>
                    <name>policies3</name>
                  </policy-list>
                  <policy-list>
                    <name>policies4</name>
                  </policy-list>
                  <policy-list>
                    <name>policies5</name>
                  </policy-list>
                </policy-profile>
          </qos-policy-profiles>

</device-specific-data>
</device>
</device-manager>

</config>
</edit-config>
</rpc>
