<rpc xmlns="urn:ietf:params:xml:ns:netconf:base:1.0" message-id="1">
  <edit-config>
    <target>
      <running/>
    </target>
    <config>

<device-manager xmlns="http://www.nokia.com/management-solutions/anv">
  <device xmlns="http://www.nokia.com/management-solutions/anv-device-holders">
    <device-id>DF16_HAOJUN</device-id>
     <device-specific-data>

<interfaces xmlns="urn:ietf:params:xml:ns:yang:ietf-interfaces">
<interface xmlns:ns0="urn:ietf:params:xml:ns:netconf:base:1.0" ns0:operation="merge">
         <name>cp1_ont01_uni1-user1</name>
         <ingress-qos-policy-profile xmlns="urn:bbf:yang:bbf-qos-policies" ns0:operation="delete">policyprof1</ingress-qos-policy-profile>
         <egress-qos-policy-profile xmlns="urn:bbf:yang:bbf-qos-policies" ns0:operation="delete">policyprof1</egress-qos-policy-profile>
</interface>
<interface xmlns:ns0="urn:ietf:params:xml:ns:netconf:base:1.0" ns0:operation="merge">
         <name>cp1_ont01_uni1-user2</name>
         <ingress-qos-policy-profile xmlns="urn:bbf:yang:bbf-qos-policies" ns0:operation="delete">policyprof1</ingress-qos-policy-profile>
         <egress-qos-policy-profile xmlns="urn:bbf:yang:bbf-qos-policies" ns0:operation="delete">policyprof1</egress-qos-policy-profile>
</interface>
<interface xmlns:ns0="urn:ietf:params:xml:ns:netconf:base:1.0" ns0:operation="merge">
         <name>cp1_ont01_uni1-user3</name>
         <ingress-qos-policy-profile xmlns="urn:bbf:yang:bbf-qos-policies" ns0:operation="delete">policyprof1</ingress-qos-policy-profile>
         <egress-qos-policy-profile xmlns="urn:bbf:yang:bbf-qos-policies" ns0:operation="delete">policyprof1</egress-qos-policy-profile>
</interface>
<interface xmlns:ns0="urn:ietf:params:xml:ns:netconf:base:1.0" ns0:operation="merge">
         <name>cp1_ont01_uni1-user4</name>
         <ingress-qos-policy-profile xmlns="urn:bbf:yang:bbf-qos-policies" ns0:operation="delete">policyprof1</ingress-qos-policy-profile>
         <egress-qos-policy-profile xmlns="urn:bbf:yang:bbf-qos-policies" ns0:operation="delete">policyprof1</egress-qos-policy-profile>
</interface>
</interfaces>

     </device-specific-data>
    </device>
   </device-manager>
  </config>
 </edit-config>
</rpc>
