<rpc xmlns="urn:ietf:params:xml:ns:netconf:base:1.0" xmlns:ibn="http://www.nokia.com/management-solutions/ibn" xmlns:xc="urn:ietf:params:xml:ns:netconf:base:1.0" message-id="6">
    <edit-config>
        <target>
            <running/>
        </target>
        <config>
            <network-manager xmlns="urn:bbf:yang:obbaa:network-manager">
                <managed-devices>
                    <device>
                        <name>deviceA</name>
                        <root>
                            <interfaces xmlns="urn:ietf:params:xml:ns:yang:ietf-interfaces">
                                <!-- OLT Uplink Sub Interface network-->
                                <interface xc:operation="remove">
                                    <name>ont1_olt_uplink_vlan_network</name>
                                    <type xmlns:bbfift="urn:bbf:yang:bbf-if-type">bbfift:vlan-sub-interface</type>
                                    <subif-lower-layer xmlns="urn:bbf:yang:bbf-sub-interfaces">
                                        <interface>uplink_port_intf</interface>
                                    </subif-lower-layer>
                                    <interface-usage xmlns="urn:bbf:yang:bbf-interface-usage">
                                        <interface-usage>network-port</interface-usage>
                                    </interface-usage>
                                </interface>

                                <!-- olt-side vani -->
                                <interface xc:operation="remove">
                                    <name>vAni_ont1</name>
                                    <type xmlns:bbf-xponift="urn:bbf:yang:bbf-xpon-if-type">bbf-xponift:v-ani</type>
                                </interface>

                                <!-- olt-side venet -->
                                <interface xc:operation="remove">
                                    <name>venet_uni_ont1_1_1</name>
                                    <type xmlns:bbf-xponift="urn:bbf:yang:bbf-xpon-if-type">bbf-xponift:olt-v-enet</type>
                                    <olt-v-enet xmlns="urn:bbf:yang:bbf-xponvani">
                                        <lower-layer-interface>vAni_ont1</lower-layer-interface>
                                    </olt-v-enet>
                                </interface>

                                <!-- OLT-ONT (VENET) VLAN Sub Interface -->
                                <interface xc:operation="remove">
                                    <name>ont1_venet_vlan_user</name>
                                    <type xmlns:bbfift="urn:bbf:yang:bbf-if-type">bbfift:vlan-sub-interface</type>
                                    <subif-lower-layer xmlns="urn:bbf:yang:bbf-sub-interfaces">
                                        <interface>venet_uni_ont1_1_1</interface>
                                    </subif-lower-layer>
                                    <ingress-qos-policy-profile xmlns="urn:bbf:yang:bbf-qos-policies">IPP0</ingress-qos-policy-profile>
                                    <interface-usage xmlns="urn:bbf:yang:bbf-interface-usage">
                                        <interface-usage>user-port</interface-usage>
                                    </interface-usage>
                                </interface>

                                <!-- onu-side ani -->
                                <interface xc:operation="remove">
                                    <name>ontAni_ont1</name>
                                    <type xmlns:bbf-xponift="urn:bbf:yang:bbf-xpon-if-type">bbf-xponift:ani</type>
                                    <port-layer-if xmlns="urn:bbf:yang:bbf-interface-port-reference">ontAniPort_ont1</port-layer-if>
                                    <ani xmlns="urn:bbf:yang:bbf-xponani">
                                        <management-gemport-aes-indicator>false</management-gemport-aes-indicator>
                                        <upstream-fec>true</upstream-fec>
                                        <onu-id>1</onu-id>
                                    </ani>
                                </interface>

                                <!-- onu-side uni interface -->
                                <interface xc:operation="remove">
                                    <name>enet_uni_ont1_1_1</name>
                                    <port-layer-if xmlns="urn:bbf:yang:bbf-interface-port-reference">ontUni_ont1_1_1</port-layer-if>
                                    <type xmlns:ianaift="urn:ietf:params:xml:ns:yang:iana-if-type">ianaift:ethernetCsmacd</type>
                                </interface>

                                <!-- onu-side sub-interface  -->
                                <interface xc:operation="remove">
                                    <name>enet_vlan_ont1</name>
                                    <type xmlns:bbfift="urn:bbf:yang:bbf-if-type">bbfift:vlan-sub-interface</type>
                                    <subif-lower-layer xmlns="urn:bbf:yang:bbf-sub-interfaces">
                                        <interface>enet_uni_ont1_1_1</interface>
                                    </subif-lower-layer>
                                    <!-- onu-side  sub-interface Qos -->
                                    <ingress-qos-policy-profile xmlns="urn:bbf:yang:bbf-qos-policies">IPP0</ingress-qos-policy-profile>
                                </interface>
                            </interfaces>


                            <hardware xmlns="urn:ietf:params:xml:ns:yang:ietf-hardware">
                                <!-- onu-side chassis -->
                                <component xc:operation="remove">
                                    <name>ont1</name>
                                    <class xmlns:ianahw="urn:ietf:params:xml:ns:yang:iana-hardware">ianahw:chassis</class>
                                </component>

                                <!-- onu-side board -->
                                <component xc:operation="remove">
                                    <name>ontCard_ont1_1</name>
                                    <class xmlns:bbf-hwt="urn:bbf:yang:bbf-hardware-types">bbf-hwt:board</class>
                                    <parent>ont1</parent>
                                </component>

                                <!-- onu-side cage -->
                                <component xc:operation="remove">
                                    <name>ontCage_ont1</name>
                                    <class xmlns:bbf-hwt="urn:bbf:yang:bbf-hardware-types">bbf-hwt:cage</class>
                                    <parent>ontCard_ont1_1</parent>
                                </component>

                                <!-- onu-side sfp -->
                                <component xc:operation="remove">
                                    <name>ontSfp_ont1</name>
                                    <class xmlns:bbf-hwt="urn:bbf:yang:bbf-hardware-types">bbf-hwt:transceiver</class>
                                    <parent>ontCage_ont1</parent>
                                </component>

                                <!-- onu-side aniport sfp port-->
                                <component xc:operation="remove">
                                    <name>ontAniPort_ont1</name>
                                    <class xmlns:bbf-hwt="urn:bbf:yang:bbf-hardware-types">bbf-hwt:transceiver-link</class>
                                    <parent>ontSfp_ont1</parent>
                                </component>

                                <!-- onu-side uni hardware -->
                                <component xc:operation="remove">
                                    <name>ontUni_ont1_1_1</name>
                                    <class xmlns:bbf-hwt="urn:bbf:yang:bbf-hardware-types">bbf-hwt:transceiver-link</class>
                                    <parent>ontCard_ont1_1</parent>
                                </component>

                            </hardware>

                            <!-- olt-side l2fwd forwarder -->
                            <forwarding xmlns="urn:bbf:yang:bbf-l2-forwarding">
                                <forwarders>
                                    <forwarder xc:operation="remove">
                                        <name>ont1_500_113</name>
                                    </forwarder>
                                </forwarders>
                            </forwarding>

                            <!-- olt-side tcont -->
                            <xpongemtcont xmlns="urn:bbf:yang:bbf-xpongemtcont">
                                <tconts>
                                    <tcont xc:operation="remove">
                                        <name>tcont_ont1</name>
                                        <alloc-id>256</alloc-id>
                                        <interface-reference>vAni_ont1</interface-reference>
                                        <traffic-descriptor-profile-ref>TDP0</traffic-descriptor-profile-ref>
                                    </tcont>
                                </tconts>
                            </xpongemtcont>

                            <!-- olt-side gemport -->
                            <xpongemtcont xmlns="urn:bbf:yang:bbf-xpongemtcont">
                                <gemports>
                                    <gemport xc:operation="remove">
                                        <name>gem_ont1</name>
                                        <interface>venet_uni_ont1_1_1</interface>
                                        <tcont-ref>tcont_ont1</tcont-ref>
                                        <traffic-class>0</traffic-class>
                                        <gemport-id>263</gemport-id>
                                    </gemport>
                                </gemports>
                            </xpongemtcont>

                            <!-- ani<->vani linktable -->
                            <link-table xmlns="urn:bbf:yang:bbf-link-table">
                                <link-table xc:operation="remove">
                                    <from-interface>ontAni_ont1</from-interface>
                                    <to-interface>vAni_ont1</to-interface>
                                </link-table>
                                <link-table xc:operation="remove">
                                    <from-interface>enet_uni_ont1_1_1</from-interface>
                                    <to-interface>venet_uni_ont1_1_1</to-interface>
                                </link-table>
                            </link-table>


                        </root>
                    </device>
                </managed-devices>
            </network-manager>
        </config>
    </edit-config>
</rpc>