<?xml version="1.0" encoding="UTF-8"?>
<rpc xmlns="urn:ietf:params:xml:ns:netconf:base:1.0" message-id="1527307907657">
  <edit-config>
    <target>
      <running/>
    </target>
    <config>
	<hardware xmlns="urn:ietf:params:xml:ns:yang:ietf-hardware">
		<component xmlns:xc="urn:ietf:params:xml:ns:netconf:base:1.0" xc:operation="merge">
			<name>SFP16</name>
			<parent>C16</parent>
			<parent-rel-pos>1</parent-rel-pos>
			<model-name xmlns="urn:bbf:yang:bbf-hardware-extension">3FE53441AA</model-name>
			<class xmlns:bbf-hwt="urn:bbf:yang:bbf-hardware-types">bbf-hwt:transceiver</class>
		</component>
	</hardware>
	<hardware xmlns="urn:ietf:params:xml:ns:yang:ietf-hardware">
		<component xmlns:xc="urn:ietf:params:xml:ns:netconf:base:1.0" xc:operation="merge">
			<name>PORT16</name>
			<parent>SFP16</parent>
			<parent-rel-pos>1</parent-rel-pos>
			<class xmlns:bbf-hwt="urn:bbf:yang:bbf-hardware-types">bbf-hwt:transceiver-link</class>
		</component>
	</hardware>
	<hardware xmlns="urn:ietf:params:xml:ns:yang:ietf-hardware">
		<component xmlns:xc="urn:ietf:params:xml:ns:netconf:base:1.0" xc:operation="merge">
			<name>SFP2</name>
			<parent>C2</parent>
			<parent-rel-pos>1</parent-rel-pos>
			<model-name xmlns="urn:bbf:yang:bbf-hardware-extension">3FE66606AD01</model-name>
			<class xmlns:bbf-hwt="urn:bbf:yang:bbf-hardware-types">bbf-hwt:transceiver</class>
		</component>
	</hardware>
	<hardware xmlns="urn:ietf:params:xml:ns:yang:ietf-hardware">
		<component xmlns:xc="urn:ietf:params:xml:ns:netconf:base:1.0" xc:operation="merge">
			<name>PORT2</name>
			<parent>SFP2</parent>
			<parent-rel-pos>1</parent-rel-pos>
			<class xmlns:bbf-hwt="urn:bbf:yang:bbf-hardware-types">bbf-hwt:transceiver-link</class>
		</component>
	</hardware>
	<interfaces xmlns="urn:ietf:params:xml:ns:yang:ietf-interfaces">
		<interface xmlns:xc="urn:ietf:params:xml:ns:netconf:base:1.0" xc:operation="merge">
			<name>CG_1</name>
			<type xmlns:bbf-xponift="urn:bbf:yang:bbf-xpon-if-type">bbf-xponift:channel-group</type>
			<enabled>true</enabled>
			<channel-group xmlns="urn:bbf:yang:bbf-xpon">
				<polling-period>100</polling-period>
				<raman-mitigation>raman_none</raman-mitigation>
				<system-id>000000</system-id>
			</channel-group>
		</interface>
	</interfaces>
	<interfaces xmlns="urn:ietf:params:xml:ns:yang:ietf-interfaces">
		<interface xmlns:xc="urn:ietf:params:xml:ns:netconf:base:1.0" xc:operation="merge">
			<name>CG_1.CPart_1</name>
			<type xmlns:bbf-xponift="urn:bbf:yang:bbf-xpon-if-type">bbf-xponift:channel-partition</type>
			<enabled>true</enabled>
			<channel-partition xmlns="urn:bbf:yang:bbf-xpon">
				<channel-group-ref>CG_1</channel-group-ref>
				<channel-partition-index>1</channel-partition-index>
				<fec-downstream>true</fec-downstream>
				<multicast-aes-indicator>false</multicast-aes-indicator>
				<authentication-method>serial-number</authentication-method>
				<closest-onu-distance>0</closest-onu-distance>
				<max-differential-xpon-distance>20</max-differential-xpon-distance>
			</channel-partition>
			<tm-root xmlns="urn:bbf:yang:bbf-qos-traffic-mngt">
				<scheduler-node xmlns="urn:bbf:yang:bbf-qos-enhanced-scheduling">
					<name>NODE_DEF</name>
					<scheduling-level>1</scheduling-level>
					<queue>
						<local-queue-id>0</local-queue-id>
					</queue>
					<queue>
						<local-queue-id>1</local-queue-id>
					</queue>
					<queue>
						<local-queue-id>2</local-queue-id>
					</queue>
					<queue>
						<local-queue-id>3</local-queue-id>
					</queue>
					<queue>
						<local-queue-id>4</local-queue-id>
					</queue>
					<queue>
						<local-queue-id>5</local-queue-id>
					</queue>
					<queue>
						<local-queue-id>6</local-queue-id>
					</queue>
					<queue>
						<local-queue-id>7</local-queue-id>
					</queue>
				</scheduler-node>
				<child-scheduler-nodes xmlns="urn:bbf:yang:bbf-qos-enhanced-scheduling">
					<name>NODE_DEF</name>
				</child-scheduler-nodes>
			</tm-root>
		</interface>
	</interfaces>
	<interfaces xmlns="urn:ietf:params:xml:ns:yang:ietf-interfaces">
		<interface xmlns:xc="urn:ietf:params:xml:ns:netconf:base:1.0" xc:operation="merge">
			<name>CG_1.CPart_1.CPair_gpon</name>
			<type xmlns:bbf-xponift="urn:bbf:yang:bbf-xpon-if-type">bbf-xponift:channel-pair</type>
			<enabled>true</enabled>
			<channel-pair xmlns="urn:bbf:yang:bbf-xpon">
				<channel-group-ref>CG_1</channel-group-ref>
				<channel-partition-ref>CG_1.CPart_1</channel-partition-ref>
				<channel-pair-type xmlns:bbf-xpon-types="urn:bbf:yang:bbf-xpon-types">bbf-xpon-types:gpon</channel-pair-type>
				<gpon-pon-id-interval>0</gpon-pon-id-interval>
				<gpon-pon-id-odn-class>class-auto</gpon-pon-id-odn-class>
			</channel-pair>
		</interface>
	</interfaces>
	<interfaces xmlns="urn:ietf:params:xml:ns:yang:ietf-interfaces">
		<interface xmlns:xc="urn:ietf:params:xml:ns:netconf:base:1.0" xc:operation="merge">
			<name>CT_1</name>
			<type xmlns:bbf-xponift="urn:bbf:yang:bbf-xpon-if-type">bbf-xponift:channel-termination</type>
			<enabled>true</enabled>
			<channel-termination xmlns="urn:bbf:yang:bbf-xpon">
				<channel-pair-ref>CG_1.CPart_1.CPair_gpon</channel-pair-ref>
				<gpon-pon-id>0000000</gpon-pon-id>
				<ber-calc-period>10</ber-calc-period>
				<location xmlns:bbf-xpon-types="urn:bbf:yang:bbf-xpon-types">bbf-xpon-types:inside-olt</location>
				<channel-termination-hw-port-ref>PORT16</channel-termination-hw-port-ref>
			</channel-termination>
		</interface>
	</interfaces>
	<interfaces xmlns="urn:ietf:params:xml:ns:yang:ietf-interfaces">
		<interface xmlns:xc="urn:ietf:params:xml:ns:netconf:base:1.0" xc:operation="merge">
			<name>CG_2</name>
			<type xmlns:bbf-xponift="urn:bbf:yang:bbf-xpon-if-type">bbf-xponift:channel-group</type>
			<enabled>true</enabled>
			<channel-group xmlns="urn:bbf:yang:bbf-xpon">
				<polling-period>100</polling-period>
				<raman-mitigation>raman_none</raman-mitigation>
				<system-id>000000</system-id>
			</channel-group>
		</interface>
	</interfaces>
	<interfaces xmlns="urn:ietf:params:xml:ns:yang:ietf-interfaces">
		<interface xmlns:xc="urn:ietf:params:xml:ns:netconf:base:1.0" xc:operation="merge">
			<name>CG_2.CPart_1</name>
			<type xmlns:bbf-xponift="urn:bbf:yang:bbf-xpon-if-type">bbf-xponift:channel-partition</type>
			<enabled>true</enabled>
			<channel-partition xmlns="urn:bbf:yang:bbf-xpon">
				<channel-group-ref>CG_2</channel-group-ref>
				<channel-partition-index>1</channel-partition-index>
				<fec-downstream>true</fec-downstream>
				<multicast-aes-indicator>false</multicast-aes-indicator>
				<authentication-method>serial-number</authentication-method>
				<closest-onu-distance>0</closest-onu-distance>
				<max-differential-xpon-distance>20</max-differential-xpon-distance>
			</channel-partition>
			<tm-root xmlns="urn:bbf:yang:bbf-qos-traffic-mngt">
				<scheduler-node xmlns="urn:bbf:yang:bbf-qos-enhanced-scheduling">
					<name>NODE_DEF</name>
					<scheduling-level>1</scheduling-level>
					<queue>
						<local-queue-id>0</local-queue-id>
					</queue>
					<queue>
						<local-queue-id>1</local-queue-id>
					</queue>
					<queue>
						<local-queue-id>2</local-queue-id>
					</queue>
					<queue>
						<local-queue-id>3</local-queue-id>
					</queue>
					<queue>
						<local-queue-id>4</local-queue-id>
					</queue>
					<queue>
						<local-queue-id>5</local-queue-id>
					</queue>
					<queue>
						<local-queue-id>6</local-queue-id>
					</queue>
					<queue>
						<local-queue-id>7</local-queue-id>
					</queue>
				</scheduler-node>
				<child-scheduler-nodes xmlns="urn:bbf:yang:bbf-qos-enhanced-scheduling">
					<name>NODE_DEF</name>
				</child-scheduler-nodes>
			</tm-root>
		</interface>
	</interfaces>
	<interfaces xmlns="urn:ietf:params:xml:ns:yang:ietf-interfaces">
		<interface xmlns:xc="urn:ietf:params:xml:ns:netconf:base:1.0" xc:operation="merge">
			<name>CG_2.CPart_1.CPair_gpon</name>
			<type xmlns:bbf-xponift="urn:bbf:yang:bbf-xpon-if-type">bbf-xponift:channel-pair</type>
			<enabled>true</enabled>
			<channel-pair xmlns="urn:bbf:yang:bbf-xpon">
				<channel-group-ref>CG_2</channel-group-ref>
				<channel-partition-ref>CG_2.CPart_1</channel-partition-ref>
				<channel-pair-type xmlns:bbf-xpon-types="urn:bbf:yang:bbf-xpon-types">bbf-xpon-types:gpon</channel-pair-type>
				<gpon-pon-id-interval>0</gpon-pon-id-interval>
				<gpon-pon-id-odn-class>class-auto</gpon-pon-id-odn-class>
			</channel-pair>
		</interface>
	</interfaces>
	<interfaces xmlns="urn:ietf:params:xml:ns:yang:ietf-interfaces">
		<interface xmlns:xc="urn:ietf:params:xml:ns:netconf:base:1.0" xc:operation="merge">
			<name>CT_2</name>
			<type xmlns:bbf-xponift="urn:bbf:yang:bbf-xpon-if-type">bbf-xponift:channel-termination</type>
			<enabled>true</enabled>
			<channel-termination xmlns="urn:bbf:yang:bbf-xpon">
				<channel-pair-ref>CG_2.CPart_1.CPair_gpon</channel-pair-ref>
				<gpon-pon-id>0000000</gpon-pon-id>
				<ber-calc-period>10</ber-calc-period>
				<location xmlns:bbf-xpon-types="urn:bbf:yang:bbf-xpon-types">bbf-xpon-types:inside-olt</location>
				<channel-termination-hw-port-ref>PORT2</channel-termination-hw-port-ref>
			</channel-termination>
		</interface>
	</interfaces>
	<traffic-descriptor-profiles xmlns="urn:bbf:yang:bbf-xpongemtcont">
		<bbf-xpongemtcont:traffic-descriptor-profile xmlns:xc="urn:ietf:params:xml:ns:netconf:base:1.0"
			xc:operation="merge" xmlns:bbf-xpongemtcont="urn:bbf:yang:bbf-xpongemtcont">
			<bbf-xpongemtcont:name>TDP0</bbf-xpongemtcont:name>
			<bbf-xpongemtcont:assured-bandwidth>10000000</bbf-xpongemtcont:assured-bandwidth>
			<bbf-xpongemtcont:fixed-bandwidth>10000000</bbf-xpongemtcont:fixed-bandwidth>
			<bbf-xpongemtcont:maximum-bandwidth>30000000</bbf-xpongemtcont:maximum-bandwidth>
		</bbf-xpongemtcont:traffic-descriptor-profile>
	</traffic-descriptor-profiles>
	<bbf-l2-d4r:l2-dhcpv4-relay-profiles xmlns:bbf-l2-d4r="urn:bbf:yang:bbf-l2-dhcpv4-relay">
		<bbf-l2-d4r:l2-dhcpv4-relay-profile xmlns:xc="urn:ietf:params:xml:ns:netconf:base:1.0" xc:operation="merge">
			<bbf-l2-d4r:name>DHCP_Default</bbf-l2-d4r:name>
			<bbf-l2-d4r:max-packet-size>1500</bbf-l2-d4r:max-packet-size>
			<bbf-l2-d4r:option82-format>
				<bbf-l2-d4r:access-loop-suboptions/>
				<bbf-l2-d4r:default-circuit-id-syntax/>
				<bbf-l2-d4r:default-remote-id-syntax>Access_Node_ID:Chassis:Slot:Port:olt-v-enet:OnuID:N-VID:N2VID</bbf-l2-d4r:default-remote-id-syntax>
				<bbf-l2-d4r:start-numbering-from-zero>false</bbf-l2-d4r:start-numbering-from-zero>
				<bbf-l2-d4r:use-leading-zeroes>false</bbf-l2-d4r:use-leading-zeroes>
				<bbf-l2-d4r:suboptions>remote-id</bbf-l2-d4r:suboptions>
			</bbf-l2-d4r:option82-format>
		</bbf-l2-d4r:l2-dhcpv4-relay-profile>
	</bbf-l2-d4r:l2-dhcpv4-relay-profiles>
	<bbf-qos-cls:classifiers xmlns:bbf-qos-cls="urn:bbf:yang:bbf-qos-classifiers">
		<bbf-qos-cls:classifier-entry xmlns:xc="urn:ietf:params:xml:ns:netconf:base:1.0" xc:operation="merge">
			<bbf-qos-cls:name>classifier_eg0</bbf-qos-cls:name>
			<bbf-qos-cls:filter-operation>bbf-qos-cls:match-all-filter</bbf-qos-cls:filter-operation>
			<bbf-qos-cls:classifier-action-entry-cfg>
				<bbf-qos-cls:action-type>bbf-qos-cls:scheduling-traffic-class</bbf-qos-cls:action-type>
				<bbf-qos-cls:scheduling-traffic-class>0</bbf-qos-cls:scheduling-traffic-class>
			</bbf-qos-cls:classifier-action-entry-cfg>
			<bbf-qos-cls:match-criteria>
				<bbf-qos-cls:any-protocol/>
				<bbf-qos-cls:dscp-range>any</bbf-qos-cls:dscp-range>
				<bbf-qos-cls:match-all/>
				<bbf-qos-plc:pbit-marking-list xmlns:bbf-qos-plc="urn:bbf:yang:bbf-qos-policing">
					<bbf-qos-plc:index>0</bbf-qos-plc:index>
					<bbf-qos-plc:pbit-value>0</bbf-qos-plc:pbit-value>
				</bbf-qos-plc:pbit-marking-list>
			</bbf-qos-cls:match-criteria>
		</bbf-qos-cls:classifier-entry>
		<bbf-qos-cls:classifier-entry xmlns:xc="urn:ietf:params:xml:ns:netconf:base:1.0" xc:operation="merge">
			<bbf-qos-cls:name>classifier_eg1</bbf-qos-cls:name>
			<bbf-qos-cls:filter-operation>bbf-qos-cls:match-all-filter</bbf-qos-cls:filter-operation>
			<bbf-qos-cls:classifier-action-entry-cfg>
				<bbf-qos-cls:action-type>bbf-qos-cls:scheduling-traffic-class</bbf-qos-cls:action-type>
				<bbf-qos-cls:scheduling-traffic-class>1</bbf-qos-cls:scheduling-traffic-class>
			</bbf-qos-cls:classifier-action-entry-cfg>
			<bbf-qos-cls:match-criteria>
				<bbf-qos-cls:any-protocol/>
				<bbf-qos-cls:dscp-range>any</bbf-qos-cls:dscp-range>
				<bbf-qos-cls:match-all/>
				<bbf-qos-plc:pbit-marking-list xmlns:bbf-qos-plc="urn:bbf:yang:bbf-qos-policing">
					<bbf-qos-plc:index>0</bbf-qos-plc:index>
					<bbf-qos-plc:pbit-value>1</bbf-qos-plc:pbit-value>
				</bbf-qos-plc:pbit-marking-list>
			</bbf-qos-cls:match-criteria>
		</bbf-qos-cls:classifier-entry>
		<bbf-qos-cls:classifier-entry xmlns:xc="urn:ietf:params:xml:ns:netconf:base:1.0" xc:operation="merge">
			<bbf-qos-cls:name>classifier_eg2</bbf-qos-cls:name>
			<bbf-qos-cls:filter-operation>bbf-qos-cls:match-all-filter</bbf-qos-cls:filter-operation>
			<bbf-qos-cls:classifier-action-entry-cfg>
				<bbf-qos-cls:action-type>bbf-qos-cls:scheduling-traffic-class</bbf-qos-cls:action-type>
				<bbf-qos-cls:scheduling-traffic-class>2</bbf-qos-cls:scheduling-traffic-class>
			</bbf-qos-cls:classifier-action-entry-cfg>
			<bbf-qos-cls:match-criteria>
				<bbf-qos-cls:any-protocol/>
				<bbf-qos-cls:dscp-range>any</bbf-qos-cls:dscp-range>
				<bbf-qos-cls:match-all/>
				<bbf-qos-plc:pbit-marking-list xmlns:bbf-qos-plc="urn:bbf:yang:bbf-qos-policing">
					<bbf-qos-plc:index>0</bbf-qos-plc:index>
					<bbf-qos-plc:pbit-value>2</bbf-qos-plc:pbit-value>
				</bbf-qos-plc:pbit-marking-list>
			</bbf-qos-cls:match-criteria>
		</bbf-qos-cls:classifier-entry>
		<bbf-qos-cls:classifier-entry xmlns:xc="urn:ietf:params:xml:ns:netconf:base:1.0" xc:operation="merge">
			<bbf-qos-cls:name>classifier_eg3</bbf-qos-cls:name>
			<bbf-qos-cls:filter-operation>bbf-qos-cls:match-all-filter</bbf-qos-cls:filter-operation>
			<bbf-qos-cls:classifier-action-entry-cfg>
				<bbf-qos-cls:action-type>bbf-qos-cls:scheduling-traffic-class</bbf-qos-cls:action-type>
				<bbf-qos-cls:scheduling-traffic-class>3</bbf-qos-cls:scheduling-traffic-class>
			</bbf-qos-cls:classifier-action-entry-cfg>
			<bbf-qos-cls:match-criteria>
				<bbf-qos-cls:any-protocol/>
				<bbf-qos-cls:dscp-range>any</bbf-qos-cls:dscp-range>
				<bbf-qos-cls:match-all/>
				<bbf-qos-plc:pbit-marking-list xmlns:bbf-qos-plc="urn:bbf:yang:bbf-qos-policing">
					<bbf-qos-plc:index>0</bbf-qos-plc:index>
					<bbf-qos-plc:pbit-value>3</bbf-qos-plc:pbit-value>
				</bbf-qos-plc:pbit-marking-list>
			</bbf-qos-cls:match-criteria>
		</bbf-qos-cls:classifier-entry>
		<bbf-qos-cls:classifier-entry xmlns:xc="urn:ietf:params:xml:ns:netconf:base:1.0" xc:operation="merge">
			<bbf-qos-cls:name>classifier_eg4</bbf-qos-cls:name>
			<bbf-qos-cls:filter-operation>bbf-qos-cls:match-all-filter</bbf-qos-cls:filter-operation>
			<bbf-qos-cls:classifier-action-entry-cfg>
				<bbf-qos-cls:action-type>bbf-qos-cls:scheduling-traffic-class</bbf-qos-cls:action-type>
				<bbf-qos-cls:scheduling-traffic-class>4</bbf-qos-cls:scheduling-traffic-class>
			</bbf-qos-cls:classifier-action-entry-cfg>
			<bbf-qos-cls:match-criteria>
				<bbf-qos-cls:any-protocol/>
				<bbf-qos-cls:dscp-range>any</bbf-qos-cls:dscp-range>
				<bbf-qos-cls:match-all/>
				<bbf-qos-plc:pbit-marking-list xmlns:bbf-qos-plc="urn:bbf:yang:bbf-qos-policing">
					<bbf-qos-plc:index>0</bbf-qos-plc:index>
					<bbf-qos-plc:pbit-value>4</bbf-qos-plc:pbit-value>
				</bbf-qos-plc:pbit-marking-list>
			</bbf-qos-cls:match-criteria>
		</bbf-qos-cls:classifier-entry>
		<bbf-qos-cls:classifier-entry xmlns:xc="urn:ietf:params:xml:ns:netconf:base:1.0" xc:operation="merge">
			<bbf-qos-cls:name>classifier_eg5</bbf-qos-cls:name>
			<bbf-qos-cls:filter-operation>bbf-qos-cls:match-all-filter</bbf-qos-cls:filter-operation>
			<bbf-qos-cls:classifier-action-entry-cfg>
				<bbf-qos-cls:action-type>bbf-qos-cls:scheduling-traffic-class</bbf-qos-cls:action-type>
				<bbf-qos-cls:scheduling-traffic-class>5</bbf-qos-cls:scheduling-traffic-class>
			</bbf-qos-cls:classifier-action-entry-cfg>
			<bbf-qos-cls:match-criteria>
				<bbf-qos-cls:any-protocol/>
				<bbf-qos-cls:dscp-range>any</bbf-qos-cls:dscp-range>
				<bbf-qos-cls:match-all/>
				<bbf-qos-plc:pbit-marking-list xmlns:bbf-qos-plc="urn:bbf:yang:bbf-qos-policing">
					<bbf-qos-plc:index>0</bbf-qos-plc:index>
					<bbf-qos-plc:pbit-value>5</bbf-qos-plc:pbit-value>
				</bbf-qos-plc:pbit-marking-list>
			</bbf-qos-cls:match-criteria>
		</bbf-qos-cls:classifier-entry>
		<bbf-qos-cls:classifier-entry xmlns:xc="urn:ietf:params:xml:ns:netconf:base:1.0" xc:operation="merge">
			<bbf-qos-cls:name>classifier_eg6</bbf-qos-cls:name>
			<bbf-qos-cls:filter-operation>bbf-qos-cls:match-all-filter</bbf-qos-cls:filter-operation>
			<bbf-qos-cls:classifier-action-entry-cfg>
				<bbf-qos-cls:action-type>bbf-qos-cls:scheduling-traffic-class</bbf-qos-cls:action-type>
				<bbf-qos-cls:scheduling-traffic-class>6</bbf-qos-cls:scheduling-traffic-class>
			</bbf-qos-cls:classifier-action-entry-cfg>
			<bbf-qos-cls:match-criteria>
				<bbf-qos-cls:any-protocol/>
				<bbf-qos-cls:dscp-range>any</bbf-qos-cls:dscp-range>
				<bbf-qos-cls:match-all/>
				<bbf-qos-plc:pbit-marking-list xmlns:bbf-qos-plc="urn:bbf:yang:bbf-qos-policing">
					<bbf-qos-plc:index>0</bbf-qos-plc:index>
					<bbf-qos-plc:pbit-value>6</bbf-qos-plc:pbit-value>
				</bbf-qos-plc:pbit-marking-list>
			</bbf-qos-cls:match-criteria>
		</bbf-qos-cls:classifier-entry>
		<bbf-qos-cls:classifier-entry xmlns:xc="urn:ietf:params:xml:ns:netconf:base:1.0" xc:operation="merge">
			<bbf-qos-cls:name>classifier_eg7</bbf-qos-cls:name>
			<bbf-qos-cls:filter-operation>bbf-qos-cls:match-all-filter</bbf-qos-cls:filter-operation>
			<bbf-qos-cls:classifier-action-entry-cfg>
				<bbf-qos-cls:action-type>bbf-qos-cls:scheduling-traffic-class</bbf-qos-cls:action-type>
				<bbf-qos-cls:scheduling-traffic-class>7</bbf-qos-cls:scheduling-traffic-class>
			</bbf-qos-cls:classifier-action-entry-cfg>
			<bbf-qos-cls:match-criteria>
				<bbf-qos-cls:any-protocol/>
				<bbf-qos-cls:dscp-range>any</bbf-qos-cls:dscp-range>
				<bbf-qos-cls:match-all/>
				<bbf-qos-plc:pbit-marking-list xmlns:bbf-qos-plc="urn:bbf:yang:bbf-qos-policing">
					<bbf-qos-plc:index>0</bbf-qos-plc:index>
					<bbf-qos-plc:pbit-value>7</bbf-qos-plc:pbit-value>
				</bbf-qos-plc:pbit-marking-list>
			</bbf-qos-cls:match-criteria>
		</bbf-qos-cls:classifier-entry>
		<bbf-qos-cls:classifier-entry xmlns:xc="urn:ietf:params:xml:ns:netconf:base:1.0" xc:operation="merge">
			<bbf-qos-cls:name>classifier_ing0</bbf-qos-cls:name>
			<bbf-qos-cls:filter-operation>bbf-qos-cls:match-all-filter</bbf-qos-cls:filter-operation>
			<bbf-qos-cls:classifier-action-entry-cfg>
				<bbf-qos-cls:action-type>bbf-qos-cls:scheduling-traffic-class</bbf-qos-cls:action-type>
				<bbf-qos-cls:scheduling-traffic-class>0</bbf-qos-cls:scheduling-traffic-class>
			</bbf-qos-cls:classifier-action-entry-cfg>
			<bbf-qos-cls:match-criteria>
				<bbf-qos-cls:any-protocol/>
				<bbf-qos-cls:dscp-range>any</bbf-qos-cls:dscp-range>
				<bbf-qos-cls:tag>
					<bbf-qos-cls:index>0</bbf-qos-cls:index>
					<bbf-qos-cls:in-pbit-list>0</bbf-qos-cls:in-pbit-list>
				</bbf-qos-cls:tag>
			</bbf-qos-cls:match-criteria>
		</bbf-qos-cls:classifier-entry>
		<bbf-qos-cls:classifier-entry xmlns:xc="urn:ietf:params:xml:ns:netconf:base:1.0" xc:operation="merge">
			<bbf-qos-cls:name>classifier_ing1</bbf-qos-cls:name>
			<bbf-qos-cls:filter-operation>bbf-qos-cls:match-all-filter</bbf-qos-cls:filter-operation>
			<bbf-qos-cls:classifier-action-entry-cfg>
				<bbf-qos-cls:action-type>bbf-qos-cls:scheduling-traffic-class</bbf-qos-cls:action-type>
				<bbf-qos-cls:scheduling-traffic-class>1</bbf-qos-cls:scheduling-traffic-class>
			</bbf-qos-cls:classifier-action-entry-cfg>
			<bbf-qos-cls:match-criteria>
				<bbf-qos-cls:any-protocol/>
				<bbf-qos-cls:dscp-range>any</bbf-qos-cls:dscp-range>
				<bbf-qos-cls:tag>
					<bbf-qos-cls:index>0</bbf-qos-cls:index>
					<bbf-qos-cls:in-pbit-list>1</bbf-qos-cls:in-pbit-list>
				</bbf-qos-cls:tag>
			</bbf-qos-cls:match-criteria>
		</bbf-qos-cls:classifier-entry>
		<bbf-qos-cls:classifier-entry xmlns:xc="urn:ietf:params:xml:ns:netconf:base:1.0" xc:operation="merge">
			<bbf-qos-cls:name>classifier_ing2</bbf-qos-cls:name>
			<bbf-qos-cls:filter-operation>bbf-qos-cls:match-all-filter</bbf-qos-cls:filter-operation>
			<bbf-qos-cls:classifier-action-entry-cfg>
				<bbf-qos-cls:action-type>bbf-qos-cls:scheduling-traffic-class</bbf-qos-cls:action-type>
				<bbf-qos-cls:scheduling-traffic-class>2</bbf-qos-cls:scheduling-traffic-class>
			</bbf-qos-cls:classifier-action-entry-cfg>
			<bbf-qos-cls:match-criteria>
				<bbf-qos-cls:any-protocol/>
				<bbf-qos-cls:dscp-range>any</bbf-qos-cls:dscp-range>
				<bbf-qos-cls:tag>
					<bbf-qos-cls:index>0</bbf-qos-cls:index>
					<bbf-qos-cls:in-pbit-list>2</bbf-qos-cls:in-pbit-list>
				</bbf-qos-cls:tag>
			</bbf-qos-cls:match-criteria>
		</bbf-qos-cls:classifier-entry>
		<bbf-qos-cls:classifier-entry xmlns:xc="urn:ietf:params:xml:ns:netconf:base:1.0" xc:operation="merge">
			<bbf-qos-cls:name>classifier_ing3</bbf-qos-cls:name>
			<bbf-qos-cls:filter-operation>bbf-qos-cls:match-all-filter</bbf-qos-cls:filter-operation>
			<bbf-qos-cls:classifier-action-entry-cfg>
				<bbf-qos-cls:action-type>bbf-qos-cls:scheduling-traffic-class</bbf-qos-cls:action-type>
				<bbf-qos-cls:scheduling-traffic-class>3</bbf-qos-cls:scheduling-traffic-class>
			</bbf-qos-cls:classifier-action-entry-cfg>
			<bbf-qos-cls:match-criteria>
				<bbf-qos-cls:any-protocol/>
				<bbf-qos-cls:dscp-range>any</bbf-qos-cls:dscp-range>
				<bbf-qos-cls:tag>
					<bbf-qos-cls:index>0</bbf-qos-cls:index>
					<bbf-qos-cls:in-pbit-list>3</bbf-qos-cls:in-pbit-list>
				</bbf-qos-cls:tag>
			</bbf-qos-cls:match-criteria>
		</bbf-qos-cls:classifier-entry>
		<bbf-qos-cls:classifier-entry xmlns:xc="urn:ietf:params:xml:ns:netconf:base:1.0" xc:operation="merge">
			<bbf-qos-cls:name>classifier_ing4</bbf-qos-cls:name>
			<bbf-qos-cls:filter-operation>bbf-qos-cls:match-all-filter</bbf-qos-cls:filter-operation>
			<bbf-qos-cls:classifier-action-entry-cfg>
				<bbf-qos-cls:action-type>bbf-qos-cls:scheduling-traffic-class</bbf-qos-cls:action-type>
				<bbf-qos-cls:scheduling-traffic-class>4</bbf-qos-cls:scheduling-traffic-class>
			</bbf-qos-cls:classifier-action-entry-cfg>
			<bbf-qos-cls:match-criteria>
				<bbf-qos-cls:any-protocol/>
				<bbf-qos-cls:dscp-range>any</bbf-qos-cls:dscp-range>
				<bbf-qos-cls:tag>
					<bbf-qos-cls:index>0</bbf-qos-cls:index>
					<bbf-qos-cls:in-pbit-list>4</bbf-qos-cls:in-pbit-list>
				</bbf-qos-cls:tag>
			</bbf-qos-cls:match-criteria>
		</bbf-qos-cls:classifier-entry>
		<bbf-qos-cls:classifier-entry xmlns:xc="urn:ietf:params:xml:ns:netconf:base:1.0" xc:operation="merge">
			<bbf-qos-cls:name>classifier_ing5</bbf-qos-cls:name>
			<bbf-qos-cls:filter-operation>bbf-qos-cls:match-all-filter</bbf-qos-cls:filter-operation>
			<bbf-qos-cls:classifier-action-entry-cfg>
				<bbf-qos-cls:action-type>bbf-qos-cls:scheduling-traffic-class</bbf-qos-cls:action-type>
				<bbf-qos-cls:scheduling-traffic-class>5</bbf-qos-cls:scheduling-traffic-class>
			</bbf-qos-cls:classifier-action-entry-cfg>
			<bbf-qos-cls:match-criteria>
				<bbf-qos-cls:any-protocol/>
				<bbf-qos-cls:dscp-range>any</bbf-qos-cls:dscp-range>
				<bbf-qos-cls:tag>
					<bbf-qos-cls:index>0</bbf-qos-cls:index>
					<bbf-qos-cls:in-pbit-list>5</bbf-qos-cls:in-pbit-list>
				</bbf-qos-cls:tag>
			</bbf-qos-cls:match-criteria>
		</bbf-qos-cls:classifier-entry>
		<bbf-qos-cls:classifier-entry xmlns:xc="urn:ietf:params:xml:ns:netconf:base:1.0" xc:operation="merge">
			<bbf-qos-cls:name>classifier_ing6</bbf-qos-cls:name>
			<bbf-qos-cls:filter-operation>bbf-qos-cls:match-all-filter</bbf-qos-cls:filter-operation>
			<bbf-qos-cls:classifier-action-entry-cfg>
				<bbf-qos-cls:action-type>bbf-qos-cls:scheduling-traffic-class</bbf-qos-cls:action-type>
				<bbf-qos-cls:scheduling-traffic-class>6</bbf-qos-cls:scheduling-traffic-class>
			</bbf-qos-cls:classifier-action-entry-cfg>
			<bbf-qos-cls:match-criteria>
				<bbf-qos-cls:any-protocol/>
				<bbf-qos-cls:dscp-range>any</bbf-qos-cls:dscp-range>
				<bbf-qos-cls:tag>
					<bbf-qos-cls:index>0</bbf-qos-cls:index>
					<bbf-qos-cls:in-pbit-list>6</bbf-qos-cls:in-pbit-list>
				</bbf-qos-cls:tag>
			</bbf-qos-cls:match-criteria>
		</bbf-qos-cls:classifier-entry>
		<bbf-qos-cls:classifier-entry xmlns:xc="urn:ietf:params:xml:ns:netconf:base:1.0" xc:operation="merge">
			<bbf-qos-cls:name>classifier_ing7</bbf-qos-cls:name>
			<bbf-qos-cls:filter-operation>bbf-qos-cls:match-all-filter</bbf-qos-cls:filter-operation>
			<bbf-qos-cls:classifier-action-entry-cfg>
				<bbf-qos-cls:action-type>bbf-qos-cls:scheduling-traffic-class</bbf-qos-cls:action-type>
				<bbf-qos-cls:scheduling-traffic-class>7</bbf-qos-cls:scheduling-traffic-class>
			</bbf-qos-cls:classifier-action-entry-cfg>
			<bbf-qos-cls:match-criteria>
				<bbf-qos-cls:any-protocol/>
				<bbf-qos-cls:dscp-range>any</bbf-qos-cls:dscp-range>
				<bbf-qos-cls:tag>
					<bbf-qos-cls:index>0</bbf-qos-cls:index>
					<bbf-qos-cls:in-pbit-list>7</bbf-qos-cls:in-pbit-list>
				</bbf-qos-cls:tag>
			</bbf-qos-cls:match-criteria>
		</bbf-qos-cls:classifier-entry>
	</bbf-qos-cls:classifiers>
	<bbf-qos-pol:policies xmlns:bbf-qos-pol="urn:bbf:yang:bbf-qos-policies">
		<bbf-qos-pol:policy xmlns:xc="urn:ietf:params:xml:ns:netconf:base:1.0" xc:operation="merge">
			<bbf-qos-pol:name>POLICY_ING</bbf-qos-pol:name>
			<bbf-qos-pol:classifiers>
				<bbf-qos-pol:name>classifier_ing0</bbf-qos-pol:name>
			</bbf-qos-pol:classifiers>
			<bbf-qos-pol:classifiers>
				<bbf-qos-pol:name>classifier_ing1</bbf-qos-pol:name>
			</bbf-qos-pol:classifiers>
			<bbf-qos-pol:classifiers>
				<bbf-qos-pol:name>classifier_ing2</bbf-qos-pol:name>
			</bbf-qos-pol:classifiers>
			<bbf-qos-pol:classifiers>
				<bbf-qos-pol:name>classifier_ing3</bbf-qos-pol:name>
			</bbf-qos-pol:classifiers>
			<bbf-qos-pol:classifiers>
				<bbf-qos-pol:name>classifier_ing4</bbf-qos-pol:name>
			</bbf-qos-pol:classifiers>
			<bbf-qos-pol:classifiers>
				<bbf-qos-pol:name>classifier_ing5</bbf-qos-pol:name>
			</bbf-qos-pol:classifiers>
			<bbf-qos-pol:classifiers>
				<bbf-qos-pol:name>classifier_ing6</bbf-qos-pol:name>
			</bbf-qos-pol:classifiers>
			<bbf-qos-pol:classifiers>
				<bbf-qos-pol:name>classifier_ing7</bbf-qos-pol:name>
			</bbf-qos-pol:classifiers>
		</bbf-qos-pol:policy>
		<bbf-qos-pol:policy xmlns:xc="urn:ietf:params:xml:ns:netconf:base:1.0" xc:operation="merge">
			<bbf-qos-pol:name>POLICY_EG</bbf-qos-pol:name>
			<bbf-qos-pol:classifiers>
				<bbf-qos-pol:name>classifier_eg0</bbf-qos-pol:name>
			</bbf-qos-pol:classifiers>
			<bbf-qos-pol:classifiers>
				<bbf-qos-pol:name>classifier_eg1</bbf-qos-pol:name>
			</bbf-qos-pol:classifiers>
			<bbf-qos-pol:classifiers>
				<bbf-qos-pol:name>classifier_eg2</bbf-qos-pol:name>
			</bbf-qos-pol:classifiers>
			<bbf-qos-pol:classifiers>
				<bbf-qos-pol:name>classifier_eg3</bbf-qos-pol:name>
			</bbf-qos-pol:classifiers>
			<bbf-qos-pol:classifiers>
				<bbf-qos-pol:name>classifier_eg4</bbf-qos-pol:name>
			</bbf-qos-pol:classifiers>
			<bbf-qos-pol:classifiers>
				<bbf-qos-pol:name>classifier_eg5</bbf-qos-pol:name>
			</bbf-qos-pol:classifiers>
			<bbf-qos-pol:classifiers>
				<bbf-qos-pol:name>classifier_eg6</bbf-qos-pol:name>
			</bbf-qos-pol:classifiers>
			<bbf-qos-pol:classifiers>
				<bbf-qos-pol:name>classifier_eg7</bbf-qos-pol:name>
			</bbf-qos-pol:classifiers>
		</bbf-qos-pol:policy>
	</bbf-qos-pol:policies>
	<bbf-qos-pol:qos-policy-profiles xmlns:bbf-qos-pol="urn:bbf:yang:bbf-qos-policies">
		<bbf-qos-pol:policy-profile xmlns:xc="urn:ietf:params:xml:ns:netconf:base:1.0" xc:operation="merge">
			<bbf-qos-pol:name>IPP0</bbf-qos-pol:name>
			<bbf-qos-pol:policy-list>
				<bbf-qos-pol:name>POLICY_ING</bbf-qos-pol:name>
			</bbf-qos-pol:policy-list>
		</bbf-qos-pol:policy-profile>
		<bbf-qos-pol:policy-profile xmlns:xc="urn:ietf:params:xml:ns:netconf:base:1.0" xc:operation="merge">
			<bbf-qos-pol:name>QPP0</bbf-qos-pol:name>
			<bbf-qos-pol:policy-list>
				<bbf-qos-pol:name>POLICY_EG</bbf-qos-pol:name>
			</bbf-qos-pol:policy-list>
		</bbf-qos-pol:policy-profile>
	</bbf-qos-pol:qos-policy-profiles>
</config>
</edit-config>
</rpc>
