<rpc xmlns="urn:ietf:params:xml:ns:netconf:base:1.0" message-id="1">
  <edit-config>
    <target>
      <running/>
    </target>
<config>
  <network-manager xmlns="urn:bbf:yang:obbaa:network-manager">
      <managed-devices>
          <device xmlns:xc="urn:ietf:params:xml:ns:netconf:base:1.0" xc:operation="merge">
              <name>deviceA</name>
              <root>

<!-- olt-side vlan sub-interface  network-->
    <interfaces xmlns="urn:ietf:params:xml:ns:yang:ietf-interfaces">
      <interface>
        <name>ont1_uni1_vsi1_network</name>
        <type xmlns:bbfift="urn:bbf:yang:bbf-if-type">bbfift:vlan-sub-interface</type>
        <subif-lower-layer xmlns="urn:bbf:yang:bbf-sub-interfaces">
          <interface>uplink_port_intf</interface>
        </subif-lower-layer>
        <interface-usage xmlns="urn:bbf:yang:bbf-interface-usage">
          <interface-usage>network-port</interface-usage>
        </interface-usage>
        <enabled>true</enabled>
        <inline-frame-processing xmlns="urn:bbf:yang:bbf-sub-interfaces">
          <ingress-rule>
            <rule>
              <name>rule_1</name>
              <priority>100</priority>
              <flexible-match>
                <match-criteria xmlns="urn:bbf:yang:bbf-sub-interface-tagging">
                  <tag>
                    <index>0</index>
                    <dot1q-tag>
                      <tag-type xmlns:bbf-dot1qt="urn:bbf:yang:bbf-dot1q-types">bbf-dot1qt:c-vlan</tag-type>
                      <vlan-id>20</vlan-id>
                      <pbit>any</pbit>
                      <dei>any</dei>
                    </dot1q-tag>
                  </tag>
                  <tag>
                    <index>1</index>
                    <dot1q-tag>
                      <tag-type xmlns:bbf-dot1qt="urn:bbf:yang:bbf-dot1q-types">bbf-dot1qt:c-vlan</tag-type>
                      <vlan-id>100</vlan-id>
                      <pbit>any</pbit>
                      <dei>any</dei>
                    </dot1q-tag>
                  </tag>
                </match-criteria>
              </flexible-match>
              <ingress-rewrite>
                <pop-tags xmlns="urn:bbf:yang:bbf-sub-interface-tagging">1</pop-tags>
              </ingress-rewrite>
            </rule>
          </ingress-rule>
          <egress-rewrite>
            <pop-tags xmlns="urn:bbf:yang:bbf-sub-interface-tagging">0</pop-tags>
            <push-tag xmlns="urn:bbf:yang:bbf-sub-interface-tagging">
              <index>0</index>
              <dot1q-tag>
                <tag-type xmlns:bbf-dot1qt="urn:bbf:yang:bbf-dot1q-types">bbf-dot1qt:c-vlan</tag-type>
                <vlan-id>20</vlan-id>
                <pbit-from-tag-index>0</pbit-from-tag-index>
                <dei-from-tag-index>0</dei-from-tag-index>
              </dot1q-tag>
            </push-tag>
          </egress-rewrite>
        </inline-frame-processing>
      </interface>
    </interfaces>

    <!-- olt-side vani -->
    <interfaces xmlns="urn:ietf:params:xml:ns:yang:ietf-interfaces">
      <interface>
        <name>vani1</name>
        <type xmlns:bbf-xponift="urn:bbf:yang:bbf-xpon-if-type">bbf-xponift:v-ani</type>
        <v-ani xmlns="urn:bbf:yang:bbf-xponvani">
          <channel-partition>scg1</channel-partition>
          <onu-id>1</onu-id>
          <expected-serial-number>ALCLF8889FE3</expected-serial-number>
          <preferred-channel-pair>cp1</preferred-channel-pair>
        </v-ani>
      </interface>
    </interfaces>


    <!-- olt-side venet -->
    <interfaces xmlns="urn:ietf:params:xml:ns:yang:ietf-interfaces">
      <interface>
        <name>ont1_venet1</name>
        <type xmlns:bbf-xponift="urn:bbf:yang:bbf-xpon-if-type">bbf-xponift:olt-v-enet</type>
        <olt-v-enet xmlns="urn:bbf:yang:bbf-xponvani">
          <lower-layer-interface>vani1</lower-layer-interface>
        </olt-v-enet>
      </interface>
    </interfaces>

<!-- olt-side vlan sub-interface user-->
    <interfaces xmlns="urn:ietf:params:xml:ns:yang:ietf-interfaces">
      <interface>
        <name>ont1_uni1_vsi1_user</name>
        <type xmlns:bbfift="urn:bbf:yang:bbf-if-type">bbfift:vlan-sub-interface</type>
        <subif-lower-layer xmlns="urn:bbf:yang:bbf-sub-interfaces">
          <interface>ont1_venet1</interface>
        </subif-lower-layer>
        <interface-usage xmlns="urn:bbf:yang:bbf-interface-usage">
          <interface-usage>user-port</interface-usage>
        </interface-usage>
        <enabled>true</enabled>
        <inline-frame-processing xmlns="urn:bbf:yang:bbf-sub-interfaces">
          <ingress-rule>
            <rule>
              <name>rule_1</name>
              <priority>100</priority>
              <flexible-match>
                <match-criteria xmlns="urn:bbf:yang:bbf-sub-interface-tagging">
                  <tag>
                    <index>0</index>
                    <dot1q-tag>
                      <tag-type xmlns:bbf-dot1qt="urn:bbf:yang:bbf-dot1q-types">bbf-dot1qt:c-vlan</tag-type>
                      <vlan-id>100</vlan-id>
                      <pbit>any</pbit>
                      <dei>any</dei>
                    </dot1q-tag>
                  </tag>
                </match-criteria>
              </flexible-match>
            </rule>
          </ingress-rule>
        </inline-frame-processing>
        <!-- olt-side vlan sub-interface dhcp relay profile association -->
        <l2-dhcpv4-relay xmlns="urn:bbf:yang:bbf-l2-dhcpv4-relay">
          <enable>true</enable>
          <trusted-port>false</trusted-port>
          <profile-ref>DHCP_Default</profile-ref>
        </l2-dhcpv4-relay>
      </interface>
    </interfaces>

<!-- olt-side vlan sub-interface  qos -->
    <interfaces xmlns="urn:ietf:params:xml:ns:yang:ietf-interfaces">
      <interface>
        <name>ont1_uni1_vsi1_user</name>
        <ingress-qos-policy-profile xmlns="urn:bbf:yang:bbf-qos-policies">IPP0</ingress-qos-policy-profile>
        <egress-qos-policy-profile xmlns="urn:bbf:yang:bbf-qos-policies">QPP0</egress-qos-policy-profile>
        <egress-tm-objects xmlns="urn:bbf:yang:bbf-qos-enhanced-scheduling">
          <root-if-name>scg1</root-if-name>
          <scheduler-node-name>NODE_DEF</scheduler-node-name>
        </egress-tm-objects>
      </interface>
    </interfaces>

<!-- olt-side l2fwd forwarder -->
    <forwarding xmlns="urn:bbf:yang:bbf-l2-forwarding">
      <forwarders>
        <forwarder>
          <name>fwd1</name>
          <ports>
            <port>
              <name>ont1_uni1_vsi1_user_port</name>
              <sub-interface>ont1_uni1_vsi1_user</sub-interface>
            </port>
            <port>
              <name>ont1_uni1_vsi1_network_port</name>
              <sub-interface>ont1_uni1_vsi1_network</sub-interface>
            </port>
          </ports>
        </forwarder>
      </forwarders>
    </forwarding>


    <!-- olt-side tcont -->
    <xpongemtcont xmlns="urn:bbf:yang:bbf-xpongemtcont">
      <tconts>
        <tcont>
          <name>tcont1_ont1</name>
          <alloc-id>256</alloc-id>
          <interface-reference>vani1</interface-reference>
          <traffic-descriptor-profile-ref>TDP0</traffic-descriptor-profile-ref>
        </tcont>
      </tconts>
    </xpongemtcont>


    <!-- olt-side gemport -->
    <xpongemtcont xmlns="urn:bbf:yang:bbf-xpongemtcont">
      <gemports>
        <gemport>
          <name>gemport1_ont1</name>
          <interface>ont1_venet1</interface>
                <tcont-ref>tcont1_ont1</tcont-ref>
          <traffic-class>0</traffic-class>
          <gemport-id>263</gemport-id>
        </gemport>
      </gemports>
    </xpongemtcont>


<!-- onu-side chassis -->
          <hardware xmlns="urn:ietf:params:xml:ns:yang:ietf-hardware">
            <component>
              <name>ont1</name>
              <class xmlns:ianahw="urn:ietf:params:xml:ns:yang:iana-hardware">ianahw:chassis</class>
              <parent-rel-pos>1</parent-rel-pos>
              <mfg-name>ALCL</mfg-name>
              <model-name xmlns="urn:bbf:yang:bbf-hardware-extension">__________G-010G-Q__</model-name>
            </component>
          </hardware>

    <!-- onu-side board -->
          <hardware xmlns="urn:ietf:params:xml:ns:yang:ietf-hardware">
            <component>
              <name>board_ont1</name>
              <class xmlns:bbf-hwt="urn:bbf:yang:bbf-hardware-types">bbf-hwt:board</class>
              <parent>ont1</parent>
              <parent-rel-pos>1</parent-rel-pos>
              <mfg-name>ALCL</mfg-name>
              <model-name xmlns="urn:bbf:yang:bbf-hardware-extension">__________G-010G-Q__</model-name>
            </component>
          </hardware>

    <!-- onu-side cage -->
          <hardware xmlns="urn:ietf:params:xml:ns:yang:ietf-hardware">
            <component>
              <name>ontcage_ont1</name>
              <class xmlns:bbf-hwt="urn:bbf:yang:bbf-hardware-types">bbf-hwt:cage</class>
              <parent>board_ont1</parent>
              <parent-rel-pos>1</parent-rel-pos>
              <model-name xmlns="urn:bbf:yang:bbf-hardware-extension">__________G-010G-Q__</model-name>
            </component>
          </hardware>

    <!-- onu-side sfp -->
          <hardware xmlns="urn:ietf:params:xml:ns:yang:ietf-hardware">
            <component>
              <name>ontsfp_ont1</name>
              <class xmlns:bbf-hwt="urn:bbf:yang:bbf-hardware-types">bbf-hwt:transceiver</class>
              <parent>ontcage_ont1</parent>
              <parent-rel-pos>1</parent-rel-pos>
              <model-name xmlns="urn:bbf:yang:bbf-hardware-extension">__________G-010G-Q__</model-name>
            </component>
          </hardware>

    <!-- onu-side aniport -->
          <hardware xmlns="urn:ietf:params:xml:ns:yang:ietf-hardware">
            <component>
              <name>ontaniport_ont1</name>
              <class xmlns:bbf-hwt="urn:bbf:yang:bbf-hardware-types">bbf-hwt:transceiver-link</class>
              <parent>ontsfp_ont1</parent>
              <parent-rel-pos>1</parent-rel-pos>
            </component>
          </hardware>

    <!-- onu-side ani -->
          <interfaces xmlns="urn:ietf:params:xml:ns:yang:ietf-interfaces">
            <interface>
              <name>ani1</name>
              <type xmlns:bbf-xponift="urn:bbf:yang:bbf-xpon-if-type">bbf-xponift:ani</type>
              <port-layer-if xmlns="urn:bbf:yang:bbf-interface-port-reference">ontaniport_ont1</port-layer-if>
              <ani xmlns="urn:bbf:yang:bbf-xponani">
                <management-gemport-aes-indicator>false</management-gemport-aes-indicator>
                <upstream-fec>true</upstream-fec>
                <onu-id>1</onu-id>
              </ani>
            </interface>
          </interfaces>


    <!-- onu-side uni hardware -->
          <hardware xmlns="urn:ietf:params:xml:ns:yang:ietf-hardware">
            <component>
              <name>ont1_uni1</name>
              <class xmlns:bbf-hwt="urn:bbf:yang:bbf-hardware-types">bbf-hwt:transceiver-link</class>
              <parent>board_ont1</parent>
              <parent-rel-pos>1</parent-rel-pos>
            </component>
          </hardware>

    <!-- onu-side uni interface -->
        <interfaces xmlns="urn:ietf:params:xml:ns:yang:ietf-interfaces">
          <interface>
              <name>ont1_uni1_intf</name>
              <type xmlns:ianaift="urn:ietf:params:xml:ns:yang:iana-if-type">ianaift:ethernetCsmacd</type>
              <port-layer-if xmlns="urn:bbf:yang:bbf-interface-port-reference">ont1_uni1</port-layer-if>
            </interface>
          </interfaces>

    <!-- onu-side sub-interface  -->
          <interfaces xmlns="urn:ietf:params:xml:ns:yang:ietf-interfaces">
            <interface>
              <name>ont1_uni1_vsi1</name>
              <type xmlns:bbfift="urn:bbf:yang:bbf-if-type">bbfift:vlan-sub-interface</type>
              <subif-lower-layer xmlns="urn:bbf:yang:bbf-sub-interfaces">
                <interface>ont1_uni1_intf</interface>
              </subif-lower-layer>
              <inline-frame-processing xmlns="urn:bbf:yang:bbf-sub-interfaces">
                <ingress-rule>
                  <rule>
                    <name>rule_1</name>
                    <priority>100</priority>
                    <flexible-match>
                      <match-criteria xmlns="urn:bbf:yang:bbf-sub-interface-tagging">
                        <untagged/>
                      </match-criteria>
                    </flexible-match>
                    <ingress-rewrite>
                      <pop-tags xmlns="urn:bbf:yang:bbf-sub-interface-tagging">0</pop-tags>
                      <push-tag xmlns="urn:bbf:yang:bbf-sub-interface-tagging">
                        <index>0</index>
                        <dot1q-tag>
                          <tag-type xmlns:bbf-dot1qt="urn:bbf:yang:bbf-dot1q-types">bbf-dot1qt:c-vlan</tag-type>
                          <vlan-id>100</vlan-id>
                          <pbit-from-tag-index>0</pbit-from-tag-index>
                          <dei-from-tag-index>0</dei-from-tag-index>
                        </dot1q-tag>
                      </push-tag>
                    </ingress-rewrite>
                  </rule>
                </ingress-rule>
                <egress-rewrite>
                  <pop-tags xmlns="urn:bbf:yang:bbf-sub-interface-tagging">1</pop-tags>
                </egress-rewrite>
              </inline-frame-processing>
            </interface>
          </interfaces>


    <!-- onu-side  sub-interface Qos -->
          <interfaces xmlns="urn:ietf:params:xml:ns:yang:ietf-interfaces">
            <interface>
              <name>ont1_uni1_vsi1</name>
              <ingress-qos-policy-profile xmlns="urn:bbf:yang:bbf-qos-policies">IPP0</ingress-qos-policy-profile>
            </interface>
          </interfaces>


<!-- ani<->vani linktable -->
<link-table xmlns="urn:bbf:yang:bbf-link-table">
  <link-table>
     <from-interface>ani1</from-interface>
     <to-interface>vani1</to-interface>
  </link-table>
  <link-table>
     <from-interface>ont1_uni1_intf</from-interface>
     <to-interface>ont1_venet1</to-interface>
  </link-table>
</link-table>

</root>

</device>
</managed-devices>
</network-manager>
</config>
</edit-config>
</rpc>
