<!--
  ~ Copyright 2018 Broadband Forum
  ~
  ~ Licensed under the Apache License, Version 2.0 (the "License");
  ~ you may not use this file except in compliance with the License.
  ~ You may obtain a copy of the License at
  ~
  ~     http://www.apache.org/licenses/LICENSE-2.0
  ~
  ~ Unless required by applicable law or agreed to in writing, software
  ~ distributed under the License is distributed on an "AS IS" BASIS,
  ~ WITHOUT WARRANTIES OR CONDITIONS OF ANY KIND, either express or implied.
  ~ See the License for the specific language governing permissions and
  ~ limitations under the License.
  -->

<rpc xmlns="urn:ietf:params:xml:ns:netconf:base:1.0" message-id="1543910289808">
  <get>
    <filter type="subtree">
      <network-manager xmlns="urn:bbf:yang:obbaa:network-manager">
        <device-adapters>
          <device-adapter>
            <in-use>true</in-use>
          </device-adapter>
        </device-adapters>
      </network-manager>
    </filter>
  </get>
</rpc>
