<?xml version="1.0" encoding="UTF-8"?>
<rpc xmlns="urn:ietf:params:xml:ns:netconf:base:1.0" message-id="1527307907656">
    <edit-config>
        <target>
            <running />
        </target>
        <config>
            <network-manager xmlns="urn:bbf:yang:obbaa:network-manager">
                <managed-devices>
                    <device xmlns:xc="urn:ietf:params:xml:ns:netconf:base:1.0" xc:operation="create">
                        <name>deviceB</name>
                        <device-management>
                            <type>OLT</type>
                            <interface-version>1.0</interface-version>
                            <vendor>BBF</vendor>
                            <model>standard</model>
                            <device-connection>
                                <connection-model>direct</connection-model>
                                <password-auth>
                                    <authentication>
                                        <address>172.19.0.3</address>
                                        <management-port>830</management-port>
                                        <user-name>netconf</user-name>
                                        <password>netconf</password>
                                    </authentication>
                                </password-auth>
                            </device-connection>
                        </device-management>
                    </device>
                </managed-devices>
            </network-manager>
        </config>
    </edit-config>
</rpc>
