<!--
  ~ Copyright 2018 Broadband Forum
  ~
  ~ Licensed under the Apache License, Version 2.0 (the "License");
  ~ you may not use this file except in compliance with the License.
  ~ You may obtain a copy of the License at
  ~
  ~     http://www.apache.org/licenses/LICENSE-2.0
  ~
  ~ Unless required by applicable law or agreed to in writing, software
  ~ distributed under the License is distributed on an "AS IS" BASIS,
  ~ WITHOUT WARRANTIES OR CONDITIONS OF ANY KIND, either express or implied.
  ~ See the License for the specific language governing permissions and
  ~ limitations under the License.
  -->

<rpc xmlns="urn:ietf:params:xml:ns:netconf:base:1.0" message-id="1527307907656">
    <edit-config>
        <target>
            <running />
        </target>
        <config>
            <network-manager xmlns="urn:bbf:yang:obbaa:network-manager">
                <managed-devices>
                    <device xmlns:xc="urn:ietf:params:xml:ns:netconf:base:1.0" xc:operation="create">
                        <name>deviceA</name>
                        <device-management>
                            <type>DPU</type>
                            <interface-version>1.0</interface-version>
                            <vendor>BBF</vendor>
                            <model>standard</model>
                            <device-connection>
                                <connection-model>direct</connection-model>
                                <password-auth>
                                    <authentication>
                                        <address>192.168.169.1</address>
                                        <management-port>92994</management-port>
                                        <user-name>DPU</user-name>
                                        <password>DPU</password>
                                    </authentication>
                                </password-auth>
                            </device-connection>
                        </device-management>
                    </device>
                </managed-devices>
            </network-manager>
        </config>
    </edit-config>
</rpc>
