<!--
  ~ Copyright 2018 Broadband Forum
  ~
  ~ Licensed under the Apache License, Version 2.0 (the "License");
  ~ you may not use this file except in compliance with the License.
  ~ You may obtain a copy of the License at
  ~
  ~     http://www.apache.org/licenses/LICENSE-2.0
  ~
  ~ Unless required by applicable law or agreed to in writing, software
  ~ distributed under the License is distributed on an "AS IS" BASIS,
  ~ WITHOUT WARRANTIES OR CONDITIONS OF ANY KIND, either express or implied.
  ~ See the License for the specific language governing permissions and
  ~ limitations under the License.
  -->

<rpc xmlns="urn:ietf:params:xml:ns:netconf:base:1.0" message-id="838383">
  <edit-config>
    <target>
      <running/>
    </target>
    <config>
      <!-- N:1 VLAN
           - The destination port is determined according to the MAC address and the S-VID
           - Prevent forwarding traffic between user ports (user isolation).
      -->
      <network-manager xmlns="urn:bbf:yang:obbaa:network-manager">
        <managed-devices>
          <device>
          <name>deviceA</name>
          <root>

            <!-- sub interface configuration -->
            <if:interfaces xmlns:if="urn:ietf:params:xml:ns:yang:ietf-interfaces">

			  <!-- User 1 untagged traffic at the U interface -->
              <if:interface xmlns:xc="urn:ietf:params:xml:ns:netconf:base:1.0" xc:operation="create">
                <if:name>user1</if:name>
                <if:type xmlns:bbfift="urn:bbf:yang:bbf-if-type">bbfift:vlan-sub-interface</if:type>
                <bbf-subif:subif-lower-layer xmlns:bbf-subif="urn:bbf:yang:bbf-sub-interfaces">
                  <bbf-subif:interface>ptm.1</bbf-subif:interface>
                </bbf-subif:subif-lower-layer>
                <bbf-if-usg:interface-usage xmlns:bbf-if-usg="urn:bbf:yang:bbf-interface-usage">
                  <bbf-if-usg:interface-usage>user-port</bbf-if-usg:interface-usage>
                </bbf-if-usg:interface-usage>
                <bbf-subif:inline-frame-processing xmlns:bbf-subif="urn:bbf:yang:bbf-sub-interfaces">
                  <bbf-subif:ingress-rule>
                    <bbf-subif:rule>
                      <bbf-subif:name>u1_untagged</bbf-subif:name>
                      <bbf-subif:priority>1</bbf-subif:priority>
                      <bbf-subif:flexible-match>
                        <bbf-subif-tag:match-criteria xmlns:bbf-subif-tag="urn:bbf:yang:bbf-sub-interface-tagging">
                          <bbf-subif-tag:untagged/>
                        </bbf-subif-tag:match-criteria>
                      </bbf-subif:flexible-match>
                    </bbf-subif:rule>
                  </bbf-subif:ingress-rule>
                </bbf-subif:inline-frame-processing>
              </if:interface>

              <!-- User 2 untagged traffic at the U interface -->
              <if:interface xmlns:xc="urn:ietf:params:xml:ns:netconf:base:1.0" xc:operation="create">
                <if:name>user2</if:name>
                <if:type xmlns:bbfift="urn:bbf:yang:bbf-if-type">bbfift:vlan-sub-interface</if:type>
                <bbf-subif:subif-lower-layer xmlns:bbf-subif="urn:bbf:yang:bbf-sub-interfaces">
                  <bbf-subif:interface>ptm.2</bbf-subif:interface>
                </bbf-subif:subif-lower-layer>
                <bbf-if-usg:interface-usage xmlns:bbf-if-usg="urn:bbf:yang:bbf-interface-usage">
                  <bbf-if-usg:interface-usage>user-port</bbf-if-usg:interface-usage>
                </bbf-if-usg:interface-usage>
                <bbf-subif:inline-frame-processing xmlns:bbf-subif="urn:bbf:yang:bbf-sub-interfaces">
                  <bbf-subif:ingress-rule>
                    <bbf-subif:rule>
                      <bbf-subif:name>u2_untagged</bbf-subif:name>
                      <bbf-subif:priority>1</bbf-subif:priority>
                      <bbf-subif:flexible-match>
                        <bbf-subif-tag:match-criteria xmlns:bbf-subif-tag="urn:bbf:yang:bbf-sub-interface-tagging">
                          <bbf-subif-tag:untagged/>
                        </bbf-subif-tag:match-criteria>
                      </bbf-subif:flexible-match>
                    </bbf-subif:rule>
                  </bbf-subif:ingress-rule>
                </bbf-subif:inline-frame-processing>
              </if:interface>

              <!-- Single tag at the V interface  -->
              <if:interface xmlns:xc="urn:ietf:params:xml:ns:netconf:base:1.0" xc:operation="create">
                <if:name>network1.200</if:name>
                <if:type xmlns:bbfift="urn:bbf:yang:bbf-if-type">bbfift:vlan-sub-interface</if:type>
                <bbf-subif:subif-lower-layer xmlns:bbf-subif="urn:bbf:yang:bbf-sub-interfaces">
                  <bbf-subif:interface>uplink.1</bbf-subif:interface>
                </bbf-subif:subif-lower-layer>
                <bbf-if-usg:interface-usage xmlns:bbf-if-usg="urn:bbf:yang:bbf-interface-usage">
                  <bbf-if-usg:interface-usage>network-port</bbf-if-usg:interface-usage>
                </bbf-if-usg:interface-usage>
                <bbf-subif:inline-frame-processing xmlns:bbf-subif="urn:bbf:yang:bbf-sub-interfaces">
                  <bbf-subif:ingress-rule>
                    <bbf-subif:rule>
                      <bbf-subif:name>n1_200</bbf-subif:name>
                      <bbf-subif:priority>1</bbf-subif:priority>
                      <bbf-subif:flexible-match>
                        <bbf-subif-tag:match-criteria xmlns:bbf-subif-tag="urn:bbf:yang:bbf-sub-interface-tagging">
                          <bbf-subif-tag:tag>
                            <bbf-subif-tag:index>0</bbf-subif-tag:index>
                            <bbf-subif-tag:dot1q-tag>
                              <!-- <bbf-subif-tag:tag-type xmlns:bbf-dot1qt="urn:bbf:yang:bbf-dot1q-types">bbf-dot1qt:s-vlan</bbf-subif-tag:tag-type> -->
                              <bbf-subif-tag:tag-type>33024</bbf-subif-tag:tag-type>
                              <bbf-subif-tag:vlan-id>200</bbf-subif-tag:vlan-id>
                            </bbf-subif-tag:dot1q-tag>
                          </bbf-subif-tag:tag>
                        </bbf-subif-tag:match-criteria>
                      </bbf-subif:flexible-match>
                      <bbf-subif:ingress-rewrite>
                        <bbf-subif-tag:pop-tags xmlns:bbf-subif-tag="urn:bbf:yang:bbf-sub-interface-tagging">1</bbf-subif-tag:pop-tags>
                      </bbf-subif:ingress-rewrite>
                    </bbf-subif:rule>
                  </bbf-subif:ingress-rule>
                  <bbf-subif:egress-rewrite>
                    <bbf-subif-tag:push-tag xmlns:bbf-subif-tag="urn:bbf:yang:bbf-sub-interface-tagging">
                      <bbf-subif-tag:index>0</bbf-subif-tag:index>
                      <bbf-subif-tag:dot1q-tag>
                  <bbf-subif-tag:tag-type>33024</bbf-subif-tag:tag-type>
                        <bbf-subif-tag:vlan-id>200</bbf-subif-tag:vlan-id>
                        <bbf-subif-tag:write-pbit-0/>
                        <bbf-subif-tag:write-dei-0/>
                      </bbf-subif-tag:dot1q-tag>
                    </bbf-subif-tag:push-tag>
                  </bbf-subif:egress-rewrite>
                </bbf-subif:inline-frame-processing>
              </if:interface>
            </if:interfaces>


            <!-- forwarder configuration unttaged from users to S-TAG 200 -->
            <bbf-l2-fwd:forwarding xmlns:bbf-l2-fwd="urn:bbf:yang:bbf-l2-forwarding">
              <bbf-l2-fwd:forwarders>
                <bbf-l2-fwd:forwarder>
                  <bbf-l2-fwd:name>user1_untagged_to_svlan_200</bbf-l2-fwd:name>
                  <bbf-l2-fwd:ports>
                    <bbf-l2-fwd:port>
                      <bbf-l2-fwd:name>user1</bbf-l2-fwd:name>
                      <bbf-l2-fwd:sub-interface>user1</bbf-l2-fwd:sub-interface>
                    </bbf-l2-fwd:port>
                    <bbf-l2-fwd:port>
                      <bbf-l2-fwd:name>user2</bbf-l2-fwd:name>
                      <bbf-l2-fwd:sub-interface>user2</bbf-l2-fwd:sub-interface>
                    </bbf-l2-fwd:port>
                    <bbf-l2-fwd:port>
                      <bbf-l2-fwd:name>network1.200</bbf-l2-fwd:name>
                      <bbf-l2-fwd:sub-interface>network1.200</bbf-l2-fwd:sub-interface>
                    </bbf-l2-fwd:port>
                  </bbf-l2-fwd:ports>
                  <!-- enable MAC Learning -->
                  <bbf-l2-fwd:mac-learning>
                    <bbf-l2-fwd:forwarding-database>fdb_svlan_200</bbf-l2-fwd:forwarding-database>
                  </bbf-l2-fwd:mac-learning>
                  <bbf-l2-fwd:split-horizon-profiles>
                    <bbf-l2-fwd:split-horizon-profile>user_isolation</bbf-l2-fwd:split-horizon-profile>
                  </bbf-l2-fwd:split-horizon-profiles>
                </bbf-l2-fwd:forwarder>
              </bbf-l2-fwd:forwarders>


              <!-- configure the user port isolation profile -->
              <bbf-l2-fwd:split-horizon-profiles>
                <bbf-l2-fwd:split-horizon-profile>
                  <bbf-l2-fwd:name>user_isolation</bbf-l2-fwd:name>
                  <bbf-l2-fwd:split-horizon>
                    <bbf-l2-fwd:in-interface-usage>user-port</bbf-l2-fwd:in-interface-usage>
                    <bbf-l2-fwd:out-interface-usage>user-port</bbf-l2-fwd:out-interface-usage>
                  </bbf-l2-fwd:split-horizon>
                </bbf-l2-fwd:split-horizon-profile>
              </bbf-l2-fwd:split-horizon-profiles>


              <!-- configure a forwarding-database with default parameters  -->
              <bbf-l2-fwd:forwarding-databases>
                <bbf-l2-fwd:forwarding-database>
                  <bbf-l2-fwd:name>fdb_svlan_200</bbf-l2-fwd:name>
                  <bbf-l2-fwd:shared-forwarding-database>false</bbf-l2-fwd:shared-forwarding-database>
                </bbf-l2-fwd:forwarding-database>
              </bbf-l2-fwd:forwarding-databases>
            </bbf-l2-fwd:forwarding>

          </root>
        </device>
      </managed-devices>
    </network-manager>
    </config>
  </edit-config>
</rpc>
