<?xml version="1.0" encoding="utf-8"?>
<!--
  ~ Copyright 2018 Broadband Forum
  ~
  ~ Licensed under the Apache License, Version 2.0 (the "License");
  ~ you may not use this file except in compliance with the License.
  ~ You may obtain a copy of the License at
  ~
  ~     http://www.apache.org/licenses/LICENSE-2.0
  ~
  ~ Unless required by applicable law or agreed to in writing, software
  ~ distributed under the License is distributed on an "AS IS" BASIS,
  ~ WITHOUT WARRANTIES OR CONDITIONS OF ANY KIND, either express or implied.
  ~ See the License for the specific language governing permissions and
  ~ limitations under the License.
  -->
<rpc xmlns="urn:ietf:params:xml:ns:netconf:base:1.0" message-id="34566753">
  <edit-config>
    <target>
      <running/>
    </target>
    <config>
      <network-manager xmlns="urn:bbf:yang:obbaa:network-manager">
        <managed-devices>
          <device>
            <name>deviceA</name>
            <root>
              <!-- add G.fast interfaces -->
              <if:interfaces xmlns:if="urn:ietf:params:xml:ns:yang:ietf-interfaces">
                <if:interface xmlns:xc="urn:ietf:params:xml:ns:netconf:base:1.0" xc:operation="merge">
                  <if:name>dsl.1</if:name>
                  <if:type xmlns:ianaift="urn:ietf:params:xml:ns:yang:iana-if-type">ianaift:fastdsl</if:type>
                  <bbf-fastdsl:line xmlns:bbf-fastdsl="urn:bbf:yang:bbf-fastdsl">
                    <bbf-fastdsl:configured-mode>bbf-fastdsl:mode-fast</bbf-fastdsl:configured-mode>
                    <bbf-fast:line xmlns:bbf-fast="urn:bbf:yang:bbf-fast">
                      <bbf-fast:line-config-vector>line-config-vector-demo</bbf-fast:line-config-vector>
                    </bbf-fast:line>
                  </bbf-fastdsl:line>
                </if:interface>
                <if:interface xmlns:xc="urn:ietf:params:xml:ns:netconf:base:1.0" xc:operation="merge">
                  <if:name>dsl.2</if:name>
                  <if:type xmlns:ianaift="urn:ietf:params:xml:ns:yang:iana-if-type">ianaift:fastdsl</if:type>
                  <bbf-fastdsl:line xmlns:bbf-fastdsl="urn:bbf:yang:bbf-fastdsl">
                    <bbf-fastdsl:configured-mode>bbf-fastdsl:mode-fast</bbf-fastdsl:configured-mode>
                    <bbf-fast:line xmlns:bbf-fast="urn:bbf:yang:bbf-fast">
                      <bbf-fast:line-config-vector>line-config-vector-demo</bbf-fast:line-config-vector>
                    </bbf-fast:line>
                  </bbf-fastdsl:line>
                </if:interface>
                <if:interface xmlns:xc="urn:ietf:params:xml:ns:netconf:base:1.0" xc:operation="merge">
                  <if:name>dsl.3</if:name>
                  <if:type xmlns:ianaift="urn:ietf:params:xml:ns:yang:iana-if-type">ianaift:fastdsl</if:type>
                  <bbf-fastdsl:line xmlns:bbf-fastdsl="urn:bbf:yang:bbf-fastdsl">
                    <bbf-fastdsl:configured-mode>bbf-fastdsl:mode-fast</bbf-fastdsl:configured-mode>
                    <bbf-fast:line xmlns:bbf-fast="urn:bbf:yang:bbf-fast">
                      <bbf-fast:line-config-vector>line-config-vector-demo</bbf-fast:line-config-vector>
                    </bbf-fast:line>
                  </bbf-fastdsl:line>
                </if:interface>
                <if:interface xmlns:xc="urn:ietf:params:xml:ns:netconf:base:1.0" xc:operation="merge">
                  <if:name>dsl.4</if:name>
                  <if:type xmlns:ianaift="urn:ietf:params:xml:ns:yang:iana-if-type">ianaift:fastdsl</if:type>
                  <bbf-fastdsl:line xmlns:bbf-fastdsl="urn:bbf:yang:bbf-fastdsl">
                    <bbf-fastdsl:configured-mode>bbf-fastdsl:mode-fast</bbf-fastdsl:configured-mode>
                    <bbf-fast:line xmlns:bbf-fast="urn:bbf:yang:bbf-fast">
                      <bbf-fast:line-config-vector>line-config-vector-demo</bbf-fast:line-config-vector>
                    </bbf-fast:line>
                  </bbf-fastdsl:line>
                </if:interface>
                <if:interface xmlns:xc="urn:ietf:params:xml:ns:netconf:base:1.0" xc:operation="merge">
                  <if:name>dsl.5</if:name>
                  <if:type xmlns:ianaift="urn:ietf:params:xml:ns:yang:iana-if-type">ianaift:fastdsl</if:type>
                  <bbf-fastdsl:line xmlns:bbf-fastdsl="urn:bbf:yang:bbf-fastdsl">
                    <bbf-fastdsl:configured-mode>bbf-fastdsl:mode-fast</bbf-fastdsl:configured-mode>
                    <bbf-fast:line xmlns:bbf-fast="urn:bbf:yang:bbf-fast">
                      <bbf-fast:line-config-vector>line-config-vector-demo</bbf-fast:line-config-vector>
                    </bbf-fast:line>
                  </bbf-fastdsl:line>
                </if:interface>
                <if:interface xmlns:xc="urn:ietf:params:xml:ns:netconf:base:1.0" xc:operation="merge">
                  <if:name>dsl.6</if:name>
                  <if:type xmlns:ianaift="urn:ietf:params:xml:ns:yang:iana-if-type">ianaift:fastdsl</if:type>
                  <bbf-fastdsl:line xmlns:bbf-fastdsl="urn:bbf:yang:bbf-fastdsl">
                    <bbf-fastdsl:configured-mode>bbf-fastdsl:mode-fast</bbf-fastdsl:configured-mode>
                    <bbf-fast:line xmlns:bbf-fast="urn:bbf:yang:bbf-fast">
                      <bbf-fast:line-config-vector>line-config-vector-demo</bbf-fast:line-config-vector>
                    </bbf-fast:line>
                  </bbf-fastdsl:line>
                </if:interface>
                <if:interface xmlns:xc="urn:ietf:params:xml:ns:netconf:base:1.0" xc:operation="merge">
                  <if:name>dsl.7</if:name>
                  <if:type xmlns:ianaift="urn:ietf:params:xml:ns:yang:iana-if-type">ianaift:fastdsl</if:type>
                  <bbf-fastdsl:line xmlns:bbf-fastdsl="urn:bbf:yang:bbf-fastdsl">
                    <bbf-fastdsl:configured-mode>bbf-fastdsl:mode-fast</bbf-fastdsl:configured-mode>
                    <bbf-fast:line xmlns:bbf-fast="urn:bbf:yang:bbf-fast">
                      <bbf-fast:line-config-vector>line-config-vector-demo</bbf-fast:line-config-vector>
                    </bbf-fast:line>
                  </bbf-fastdsl:line>
                </if:interface>
                <if:interface xmlns:xc="urn:ietf:params:xml:ns:netconf:base:1.0" xc:operation="merge">
                  <if:name>dsl.8</if:name>
                  <if:type xmlns:ianaift="urn:ietf:params:xml:ns:yang:iana-if-type">ianaift:fastdsl</if:type>
                  <bbf-fastdsl:line xmlns:bbf-fastdsl="urn:bbf:yang:bbf-fastdsl">
                    <bbf-fastdsl:configured-mode>bbf-fastdsl:mode-fast</bbf-fastdsl:configured-mode>
                    <bbf-fast:line xmlns:bbf-fast="urn:bbf:yang:bbf-fast">
                      <bbf-fast:line-config-vector>line-config-vector-demo</bbf-fast:line-config-vector>
                    </bbf-fast:line>
                  </bbf-fastdsl:line>
                </if:interface>
                <if:interface xmlns:xc="urn:ietf:params:xml:ns:netconf:base:1.0" xc:operation="merge">
                  <if:name>dsl.9</if:name>
                  <if:type xmlns:ianaift="urn:ietf:params:xml:ns:yang:iana-if-type">ianaift:fastdsl</if:type>
                  <bbf-fastdsl:line xmlns:bbf-fastdsl="urn:bbf:yang:bbf-fastdsl">
                    <bbf-fastdsl:configured-mode>bbf-fastdsl:mode-fast</bbf-fastdsl:configured-mode>
                    <bbf-fast:line xmlns:bbf-fast="urn:bbf:yang:bbf-fast">
                      <bbf-fast:line-config-vector>line-config-vector-demo</bbf-fast:line-config-vector>
                    </bbf-fast:line>
                  </bbf-fastdsl:line>
                </if:interface>
                <if:interface xmlns:xc="urn:ietf:params:xml:ns:netconf:base:1.0" xc:operation="merge">
                  <if:name>dsl.10</if:name>
                  <if:type xmlns:ianaift="urn:ietf:params:xml:ns:yang:iana-if-type">ianaift:fastdsl</if:type>
                  <bbf-fastdsl:line xmlns:bbf-fastdsl="urn:bbf:yang:bbf-fastdsl">
                    <bbf-fastdsl:configured-mode>bbf-fastdsl:mode-fast</bbf-fastdsl:configured-mode>
                    <bbf-fast:line xmlns:bbf-fast="urn:bbf:yang:bbf-fast">
                      <bbf-fast:line-config-vector>line-config-vector-demo</bbf-fast:line-config-vector>
                    </bbf-fast:line>
                  </bbf-fastdsl:line>
                </if:interface>
                <if:interface xmlns:xc="urn:ietf:params:xml:ns:netconf:base:1.0" xc:operation="merge">
                  <if:name>dsl.11</if:name>
                  <if:type xmlns:ianaift="urn:ietf:params:xml:ns:yang:iana-if-type">ianaift:fastdsl</if:type>
                  <bbf-fastdsl:line xmlns:bbf-fastdsl="urn:bbf:yang:bbf-fastdsl">
                    <bbf-fastdsl:configured-mode>bbf-fastdsl:mode-fast</bbf-fastdsl:configured-mode>
                    <bbf-fast:line xmlns:bbf-fast="urn:bbf:yang:bbf-fast">
                      <bbf-fast:line-config-vector>line-config-vector-demo</bbf-fast:line-config-vector>
                    </bbf-fast:line>
                  </bbf-fastdsl:line>
                </if:interface>
                <if:interface xmlns:xc="urn:ietf:params:xml:ns:netconf:base:1.0" xc:operation="merge">
                  <if:name>dsl.12</if:name>
                  <if:type xmlns:ianaift="urn:ietf:params:xml:ns:yang:iana-if-type">ianaift:fastdsl</if:type>
                  <bbf-fastdsl:line xmlns:bbf-fastdsl="urn:bbf:yang:bbf-fastdsl">
                    <bbf-fastdsl:configured-mode>bbf-fastdsl:mode-fast</bbf-fastdsl:configured-mode>
                    <bbf-fast:line xmlns:bbf-fast="urn:bbf:yang:bbf-fast">
                      <bbf-fast:line-config-vector>line-config-vector-demo</bbf-fast:line-config-vector>
                    </bbf-fast:line>
                  </bbf-fastdsl:line>
                </if:interface>
                <if:interface xmlns:xc="urn:ietf:params:xml:ns:netconf:base:1.0" xc:operation="merge">
                  <if:name>dsl.13</if:name>
                  <if:type xmlns:ianaift="urn:ietf:params:xml:ns:yang:iana-if-type">ianaift:fastdsl</if:type>
                  <bbf-fastdsl:line xmlns:bbf-fastdsl="urn:bbf:yang:bbf-fastdsl">
                    <bbf-fastdsl:configured-mode>bbf-fastdsl:mode-fast</bbf-fastdsl:configured-mode>
                    <bbf-fast:line xmlns:bbf-fast="urn:bbf:yang:bbf-fast">
                      <bbf-fast:line-config-vector>line-config-vector-demo</bbf-fast:line-config-vector>
                    </bbf-fast:line>
                  </bbf-fastdsl:line>
                </if:interface>
                <if:interface xmlns:xc="urn:ietf:params:xml:ns:netconf:base:1.0" xc:operation="merge">
                  <if:name>dsl.14</if:name>
                  <if:type xmlns:ianaift="urn:ietf:params:xml:ns:yang:iana-if-type">ianaift:fastdsl</if:type>
                  <bbf-fastdsl:line xmlns:bbf-fastdsl="urn:bbf:yang:bbf-fastdsl">
                    <bbf-fastdsl:configured-mode>bbf-fastdsl:mode-fast</bbf-fastdsl:configured-mode>
                    <bbf-fast:line xmlns:bbf-fast="urn:bbf:yang:bbf-fast">
                      <bbf-fast:line-config-vector>line-config-vector-demo</bbf-fast:line-config-vector>
                    </bbf-fast:line>
                  </bbf-fastdsl:line>
                </if:interface>
                <if:interface xmlns:xc="urn:ietf:params:xml:ns:netconf:base:1.0" xc:operation="merge">
                  <if:name>dsl.15</if:name>
                  <if:type xmlns:ianaift="urn:ietf:params:xml:ns:yang:iana-if-type">ianaift:fastdsl</if:type>
                  <bbf-fastdsl:line xmlns:bbf-fastdsl="urn:bbf:yang:bbf-fastdsl">
                    <bbf-fastdsl:configured-mode>bbf-fastdsl:mode-fast</bbf-fastdsl:configured-mode>
                    <bbf-fast:line xmlns:bbf-fast="urn:bbf:yang:bbf-fast">
                      <bbf-fast:line-config-vector>line-config-vector-demo</bbf-fast:line-config-vector>
                    </bbf-fast:line>
                  </bbf-fastdsl:line>
                </if:interface>
                <if:interface xmlns:xc="urn:ietf:params:xml:ns:netconf:base:1.0" xc:operation="merge">
                  <if:name>dsl.16</if:name>
                  <if:type xmlns:ianaift="urn:ietf:params:xml:ns:yang:iana-if-type">ianaift:fastdsl</if:type>
                  <bbf-fastdsl:line xmlns:bbf-fastdsl="urn:bbf:yang:bbf-fastdsl">
                    <bbf-fastdsl:configured-mode>bbf-fastdsl:mode-fast</bbf-fastdsl:configured-mode>
                    <bbf-fast:line xmlns:bbf-fast="urn:bbf:yang:bbf-fast">
                      <bbf-fast:line-config-vector>line-config-vector-demo</bbf-fast:line-config-vector>
                    </bbf-fast:line>
                  </bbf-fastdsl:line>
                </if:interface>
              </if:interfaces>
            </root>
          </device>
        </managed-devices>
      </network-manager>
    </config>
  </edit-config>
</rpc>
